{"stats":{"minecraft:dropped":{"minecraft:iron_ingot":2,"minecraft:lapis_lazuli":55,"minecraft:glow_ink_sac":2,"minecraft:diamond":13,"minecraft:dripstone_block":4,"minecraft:iron_helmet":1,"minecraft:granite":8,"minecraft:stick":1,"minecraft:dirt":4,"minecraft:wooden_axe":1,"minecraft:fire_charge":1,"minecraft:iron_leggings":1,"minecraft:gold_ingot":16,"minecraft:redstone":8,"minecraft:gravel":14,"minecraft:stone_axe":3,"minecraft:iron_nugget":8,"minecraft:stone_sword":1,"minecraft:cobbled_deepslate":67,"minecraft:raw_copper":8,"minecraft:pointed_dripstone":16,"minecraft:rotten_flesh":2,"minecraft:iron_boots":1,"minecraft:poppy":1,"minecraft:iron_chestplate":1,"minecraft:andesite":8,"minecraft:oak_sapling":3,"minecraft:diamond_boots":1,"minecraft:wooden_pickaxe":2,"minecraft:stone_pickaxe":2},"minecraft:mined":{"minecraft:tuff":2,"minecraft:deepslate_diamond_ore":59,"minecraft:obsidian":18,"minecraft:glow_lichen":1,"minecraft:nether_bricks":11,"minecraft:granite":17,"minecraft:grass_block":9,"minecraft:spruce_leaves":5,"minecraft:rooted_dirt":30,"minecraft:spawner":1,"minecraft:large_fern":1,"minecraft:furnace":6,"minecraft:iron_ore":21,"minecraft:cobbled_deepslate":1,"minecraft:fire":3,"minecraft:andesite":19,"minecraft:deepslate_lapis_ore":12,"minecraft:pointed_dripstone":11,"minecraft:flowering_azalea_leaves":1,"minecraft:deepslate_iron_ore":7,"minecraft:dirt_path":2,"minecraft:azalea_leaves":1,"minecraft:stone":130,"minecraft:deepslate_redstone_ore":14,"minecraft:dandelion":1,"minecraft:crafting_table":2,"minecraft:torch":2,"minecraft:short_grass":5,"minecraft:nether_quartz_ore":20,"minecraft:copper_ore":3,"minecraft:cobblestone":16,"minecraft:deepslate_gold_ore":10,"minecraft:lapis_ore":1,"minecraft:sugar_cane":4,"minecraft:oak_planks":3,"minecraft:diorite":11,"minecraft:wall_torch":5,"minecraft:birch_leaves":3,"minecraft:coal_ore":20,"minecraft:oak_log":24,"minecraft:gravel":16,"minecraft:dripstone_block":3,"minecraft:dirt":5,"minecraft:cobweb":25,"minecraft:netherrack":99,"minecraft:oak_leaves":4,"minecraft:deepslate":566},"minecraft:picked_up":{"minecraft:wooden_axe":1,"minecraft:crafting_table":2,"minecraft:wooden_pickaxe":2,"minecraft:potion":1,"minecraft:nether_brick":28,"minecraft:string":20,"minecraft:raw_copper":8,"minecraft:flint_and_steel":1,"minecraft:gold_nugget":20,"minecraft:cobbled_deepslate":478,"minecraft:beef":5,"minecraft:iron_nugget":46,"minecraft:poppy":1,"minecraft:sugar_cane":6,"minecraft:birch_sapling":2,"minecraft:furnace":6,"minecraft:stick":6,"minecraft:raw_iron":51,"minecraft:torch":13,"minecraft:fire_charge":1,"minecraft:pointed_dripstone":17,"minecraft:redstone":67,"minecraft:rotten_flesh":6,"minecraft:stone_sword":1,"minecraft:arrow":2,"minecraft:nether_bricks":9,"minecraft:gold_ingot":1,"minecraft:obsidian":17,"minecraft:mutton":9,"minecraft:white_wool":8,"minecraft:cobblestone":175,"minecraft:cooked_beef":5,"minecraft:lilac":1,"minecraft:water_bucket":1,"minecraft:glow_ink_sac":2,"minecraft:andesite":18,"minecraft:leather":16,"minecraft:flint":1,"minecraft:tuff":2,"minecraft:oak_log":30,"minecraft:lapis_lazuli":62,"minecraft:dirt":27,"minecraft:cooked_mutton":20,"minecraft:bone":2,"minecraft:raw_gold":10,"minecraft:stone_pickaxe":2,"minecraft:iron_ingot":7,"minecraft:oak_planks":58,"minecraft:soul_sand":10,"minecraft:quartz":39,"minecraft:gravel":28,"minecraft:dripstone_block":4,"minecraft:crying_obsidian":2,"minecraft:spectral_arrow":6,"minecraft:diamond":59,"minecraft:stone_axe":3,"minecraft:granite":16,"minecraft:bread":5,"minecraft:rooted_dirt":30,"minecraft:oak_sapling":3,"minecraft:netherrack":77,"minecraft:coal":39},"minecraft:used":{"minecraft:enchanting_table":1,"minecraft:stone_sword":87,"minecraft:flint_and_steel":2,"minecraft:shield":25,"minecraft:rotten_flesh":1,"minecraft:netherrack":77,"minecraft:iron_chestplate":1,"minecraft:torch":25,"minecraft:soul_sand":10,"minecraft:dirt":22,"minecraft:nether_bricks":9,"minecraft:diamond_helmet":1,"minecraft:tuff":2,"minecraft:granite":3,"minecraft:rooted_dirt":30,"minecraft:iron_helmet":1,"minecraft:iron_boots":1,"minecraft:diamond_chestplate":1,"minecraft:furnace":10,"minecraft:cobbled_deepslate":140,"minecraft:cooked_mutton":24,"minecraft:water_bucket":14,"minecraft:diamond_boots":1,"minecraft:stone_pickaxe":205,"minecraft:oak_planks":30,"minecraft:wooden_pickaxe":71,"minecraft:diamond_axe":17,"minecraft:crafting_table":8,"minecraft:white_bed":1,"minecraft:diamond_pickaxe":600,"minecraft:bread":5,"minecraft:iron_pickaxe":250,"minecraft:stone_axe":23,"minecraft:diamond_sword":114,"minecraft:cobblestone":82,"minecraft:andesite":8,"minecraft:bucket":14,"minecraft:diamond_leggings":1},"minecraft:killed":{"minecraft:horse":4,"minecraft:skeleton":2,"minecraft:magma_cube":8,"minecraft:piglin":2,"minecraft:zombie_villager":1,"minecraft:sheep":8,"minecraft:zombie":11,"minecraft:blaze":2,"minecraft:cow":3},"minecraft:killed_by":{"minecraft:iron_golem":1},"minecraft:custom":{"minecraft:mob_kills":41,"minecraft:interact_with_crafting_table":22,"minecraft:leave_game":5,"minecraft:time_since_death":132519,"minecraft:climb_one_cm":205,"minecraft:sprint_one_cm":325712,"minecraft:walk_one_cm":280917,"minecraft:damage_blocked_by_shield":820,"minecraft:drop":45,"minecraft:play_time":145840,"minecraft:deaths":2,"minecraft:sneak_time":11945,"minecraft:walk_under_water_one_cm":14358,"minecraft:jump":1776,"minecraft:walk_on_water_one_cm":52865,"minecraft:enchant_item":7,"minecraft:total_world_time":145840,"minecraft:interact_with_furnace":30,"minecraft:time_since_rest":132585,"minecraft:damage_taken":2116,"minecraft:damage_dealt":5504,"minecraft:swim_one_cm":21977,"minecraft:fly_one_cm":165355,"minecraft:open_chest":12,"minecraft:crouch_one_cm":20299,"minecraft:fall_one_cm":41566},"minecraft:crafted":{"minecraft:oak_planks":96,"minecraft:furnace":4,"minecraft:cooked_mutton":9,"minecraft:diamond_helmet":1,"minecraft:diamond_leggings":1,"minecraft:iron_boots":1,"minecraft:stone_pickaxe":2,"minecraft:diamond_boots":2,"minecraft:diamond_sword":1,"minecraft:diamond_axe":1,"minecraft:crafting_table":6,"minecraft:enchanting_table":1,"minecraft:wooden_pickaxe":2,"minecraft:iron_helmet":1,"minecraft:stone_axe":1,"minecraft:iron_chestplate":1,"minecraft:book":1,"minecraft:paper":6,"minecraft:diamond_pickaxe":1,"minecraft:shield":1,"minecraft:stick":24,"minecraft:iron_ingot":23,"minecraft:iron_pickaxe":1,"minecraft:stone_sword":1,"minecraft:iron_leggings":1,"minecraft:gold_ingot":12,"minecraft:white_bed":1,"minecraft:torch":24,"minecraft:diamond_chestplate":1},"minecraft:broken":{"minecraft:wooden_pickaxe":1,"minecraft:stone_pickaxe":1,"minecraft:iron_pickaxe":1}},"DataVersion":3953}