{"stats":{"minecraft:used":{"minecraft:crafting_table":1,"minecraft:wooden_pickaxe":6},"minecraft:crafted":{"minecraft:oak_planks":20,"minecraft:crafting_table":1,"minecraft:stick":4,"minecraft:wooden_pickaxe":1},"minecraft:mined":{"minecraft:short_grass":3,"minecraft:grass_block":10,"minecraft:oak_log":5,"minecraft:dirt":10,"minecraft:stone":6},"minecraft:custom":{"minecraft:time_since_rest":7466,"minecraft:deaths":1,"minecraft:sprint_one_cm":12594,"minecraft:play_time":30059,"minecraft:damage_taken":250,"minecraft:walk_one_cm":10083,"minecraft:mob_kills":1,"minecraft:jump":103,"minecraft:damage_dealt":105,"minecraft:leave_game":7,"minecraft:time_since_death":19025,"minecraft:total_world_time":30059,"minecraft:interact_with_crafting_table":2,"minecraft:fall_one_cm":2656,"minecraft:fly_one_cm":16452},"minecraft:picked_up":{"minecraft:stick":2,"minecraft:wheat_seeds":1,"minecraft:wooden_pickaxe":1,"minecraft:written_book":1,"minecraft:oak_log":5,"minecraft:oak_planks":11,"minecraft:dirt":34,"minecraft:cobblestone":10}},"DataVersion":3953}