{"stats":{"minecraft:used":{"minecraft:crafting_table":1,"minecraft:wooden_pickaxe":6},"minecraft:crafted":{"minecraft:oak_planks":20,"minecraft:crafting_table":1,"minecraft:stick":4,"minecraft:wooden_pickaxe":1},"minecraft:mined":{"minecraft:grass_block":5,"minecraft:oak_log":5,"minecraft:dirt":10,"minecraft:stone":6},"minecraft:custom":{"minecraft:time_since_rest":1613,"minecraft:sprint_one_cm":4905,"minecraft:play_time":10269,"minecraft:damage_taken":20,"minecraft:walk_one_cm":4789,"minecraft:jump":63,"minecraft:damage_dealt":10,"minecraft:leave_game":6,"minecraft:time_since_death":10269,"minecraft:total_world_time":10269,"minecraft:interact_with_crafting_table":2,"minecraft:fall_one_cm":627,"minecraft:fly_one_cm":6909},"minecraft:picked_up":{"minecraft:oak_log":5,"minecraft:dirt":15,"minecraft:cobblestone":5}},"DataVersion":3953}