{"stats":{"minecraft:dropped":{"minecraft:wheat_seeds":1,"minecraft:porkchop":5,"minecraft:brown_mushroom":2,"minecraft:cooked_porkchop":4,"minecraft:cobblestone":3,"minecraft:feather":1,"minecraft:rotten_flesh":4,"minecraft:azure_bluet":1,"minecraft:pumpkin_seeds":3,"minecraft:oxeye_daisy":1,"minecraft:dirt":4,"minecraft:wooden_pickaxe":1,"minecraft:white_wool":3},"minecraft:mined":{"minecraft:spruce_planks":142,"minecraft:white_bed":2,"minecraft:glass_pane":1,"minecraft:dandelion":2,"minecraft:crafting_table":7,"minecraft:ladder":7,"minecraft:short_grass":8,"minecraft:grass_block":259,"minecraft:tall_grass":1,"minecraft:cobblestone":22,"minecraft:spruce_leaves":44,"minecraft:oak_planks":1,"minecraft:large_fern":1,"minecraft:hay_block":23,"minecraft:furnace":2,"minecraft:sweet_berry_bush":6,"minecraft:spruce_log":69,"minecraft:stripped_spruce_log":1,"minecraft:azure_bluet":1,"minecraft:oak_log":10,"minecraft:dirt_path":3,"minecraft:dirt":115,"minecraft:stone":5,"minecraft:oak_leaves":1},"minecraft:picked_up":{"minecraft:crafting_table":7,"minecraft:feather":1,"minecraft:azure_bluet":1,"minecraft:cooked_beef":1,"minecraft:ladder":7,"minecraft:brown_mushroom":2,"minecraft:wooden_pickaxe":1,"minecraft:oak_log":10,"minecraft:dirt":369,"minecraft:bow":1,"minecraft:wheat_seeds":2,"minecraft:spruce_planks":141,"minecraft:cooked_chicken":2,"minecraft:light_gray_wool":1,"minecraft:oak_planks":15,"minecraft:furnace":2,"minecraft:stick":1,"minecraft:raw_iron":17,"minecraft:cooked_porkchop":4,"minecraft:sweet_berries":19,"minecraft:dandelion":2,"minecraft:porkchop":25,"minecraft:stripped_spruce_log":1,"minecraft:spruce_sapling":4,"minecraft:white_bed":2,"minecraft:spruce_log":66,"minecraft:spruce_door":2,"minecraft:pumpkin_seeds":3,"minecraft:arrow":5,"minecraft:rotten_flesh":4,"minecraft:hay_block":26,"minecraft:mutton":4,"minecraft:cobblestone":24,"minecraft:white_wool":3,"minecraft:oxeye_daisy":1},"minecraft:used":{"minecraft:iron_shovel":250,"minecraft:spruce_door":4,"minecraft:stone_shovel":85,"minecraft:oak_planks":1,"minecraft:spruce_planks":137,"minecraft:wooden_pickaxe":26,"minecraft:iron_sword":13,"minecraft:dirt":263,"minecraft:crafting_table":8,"minecraft:white_bed":1,"minecraft:oak_log":1,"minecraft:iron_axe":242,"minecraft:bread":16,"minecraft:iron_pickaxe":14,"minecraft:stone_axe":11,"minecraft:light_gray_wool":1,"minecraft:wooden_sword":55,"minecraft:sweet_berries":6,"minecraft:furnace":2,"minecraft:porkchop":10,"minecraft:cooked_beef":1,"minecraft:dandelion":2},"minecraft:killed":{"minecraft:pig":12,"minecraft:spider":1,"minecraft:sheep":3,"minecraft:zombie":1},"minecraft:killed_by":{"minecraft:spider":1},"minecraft:crafted":{"minecraft:wooden_sword":1,"minecraft:oak_planks":36,"minecraft:stone_shovel":1,"minecraft:crafting_table":2,"minecraft:spruce_planks":268,"minecraft:wooden_pickaxe":1,"minecraft:iron_sword":1,"minecraft:spruce_door":3,"minecraft:furnace":1,"minecraft:stone_axe":1,"minecraft:bread":78,"minecraft:iron_chestplate":1,"minecraft:iron_axe":1,"minecraft:stick":16,"minecraft:iron_ingot":17,"minecraft:iron_pickaxe":1,"minecraft:iron_shovel":1,"minecraft:wheat":234},"minecraft:custom":{"minecraft:interact_with_furnace":6,"minecraft:mob_kills":17,"minecraft:interact_with_crafting_table":14,"minecraft:leave_game":12,"minecraft:time_since_death":102624,"minecraft:sleep_in_bed":1,"minecraft:climb_one_cm":991,"minecraft:time_since_rest":6848,"minecraft:sprint_one_cm":244638,"minecraft:damage_taken":1314,"minecraft:walk_one_cm":351614,"minecraft:drop":18,"minecraft:damage_dealt":2122,"minecraft:swim_one_cm":46303,"minecraft:fly_one_cm":204889,"minecraft:open_chest":2,"minecraft:crouch_one_cm":969,"minecraft:play_time":117853,"minecraft:deaths":2,"minecraft:sneak_time":2011,"minecraft:walk_under_water_one_cm":9793,"minecraft:jump":1721,"minecraft:walk_on_water_one_cm":13621,"minecraft:total_world_time":117853,"minecraft:fall_one_cm":39124},"minecraft:broken":{"minecraft:iron_shovel":1,"minecraft:wooden_sword":1}},"DataVersion":3953}