{"stats":{"minecraft:crafted":{"minecraft:oak_planks":20,"minecraft:crafting_table":1,"minecraft:stick":4,"minecraft:wooden_pickaxe":1},"minecraft:custom":{"minecraft:time_since_rest":2074,"minecraft:sprint_one_cm":2964,"minecraft:play_time":5071,"minecraft:damage_taken":10,"minecraft:walk_one_cm":3776,"minecraft:jump":37,"minecraft:damage_dealt":10,"minecraft:leave_game":5,"minecraft:time_since_death":5071,"minecraft:total_world_time":5071,"minecraft:interact_with_crafting_table":2,"minecraft:fly_one_cm":2789},"minecraft:mined":{"minecraft:grass_block":3,"minecraft:oak_log":5,"minecraft:dirt":10,"minecraft:stone":6},"minecraft:used":{"minecraft:crafting_table":1,"minecraft:wooden_pickaxe":6},"minecraft:picked_up":{"minecraft:oak_log":5,"minecraft:dirt":13,"minecraft:cobblestone":5}},"DataVersion":3953}