{"stats":{"minecraft:dropped":{"minecraft:brown_mushroom":2,"minecraft:porkchop":5,"minecraft:wheat_seeds":1,"minecraft:cooked_porkchop":4,"minecraft:rotten_flesh":4,"minecraft:feather":2,"minecraft:cobblestone":3,"minecraft:oak_planks":4,"minecraft:azure_bluet":1,"minecraft:pumpkin_seeds":8,"minecraft:stick":6,"minecraft:oxeye_daisy":1,"minecraft:dirt":46,"minecraft:wooden_pickaxe":1,"minecraft:white_wool":3},"minecraft:mined":{"minecraft:spruce_planks":188,"minecraft:white_bed":5,"minecraft:glass_pane":1,"minecraft:dandelion":2,"minecraft:crafting_table":9,"minecraft:ladder":12,"minecraft:granite":2,"minecraft:short_grass":11,"minecraft:grass_block":264,"minecraft:tall_grass":1,"minecraft:cobblestone":247,"minecraft:spruce_leaves":61,"minecraft:oak_planks":9,"minecraft:large_fern":1,"minecraft:hay_block":23,"minecraft:spruce_stairs":32,"minecraft:furnace":2,"minecraft:cobbled_deepslate":1,"minecraft:sweet_berry_bush":6,"minecraft:spruce_log":75,"minecraft:stripped_spruce_log":1,"minecraft:azure_bluet":1,"minecraft:oak_log":10,"minecraft:dirt_path":3,"minecraft:gravel":1,"minecraft:dirt":126,"minecraft:stone":12,"minecraft:oak_leaves":1},"minecraft:picked_up":{"minecraft:chicken":1,"minecraft:crafting_table":9,"minecraft:feather":2,"minecraft:azure_bluet":1,"minecraft:cooked_beef":1,"minecraft:ladder":11,"minecraft:salmon":42,"minecraft:brown_mushroom":2,"minecraft:wooden_pickaxe":1,"minecraft:oak_log":10,"minecraft:dirt":384,"minecraft:bow":1,"minecraft:wheat_seeds":3,"minecraft:cobbled_deepslate":1,"minecraft:spruce_planks":187,"minecraft:cooked_chicken":2,"minecraft:light_gray_wool":1,"minecraft:oak_planks":23,"minecraft:furnace":2,"minecraft:stick":4,"minecraft:raw_iron":17,"minecraft:cooked_porkchop":4,"minecraft:sweet_berries":19,"minecraft:dandelion":2,"minecraft:spruce_stairs":32,"minecraft:porkchop":25,"minecraft:stripped_spruce_log":1,"minecraft:spruce_sapling":6,"minecraft:spruce_log":72,"minecraft:white_bed":5,"minecraft:spruce_door":2,"minecraft:pumpkin_seeds":3,"minecraft:arrow":5,"minecraft:rotten_flesh":4,"minecraft:hay_block":26,"minecraft:granite":1,"minecraft:bone_meal":2,"minecraft:oak_chest_boat":1,"minecraft:mutton":4,"minecraft:white_wool":3,"minecraft:cobblestone":250,"minecraft:oxeye_daisy":1},"minecraft:used":{"minecraft:iron_shovel":250,"minecraft:spruce_door":5,"minecraft:stone_shovel":85,"minecraft:oak_planks":9,"minecraft:spruce_planks":147,"minecraft:wooden_pickaxe":26,"minecraft:iron_sword":71,"minecraft:dirt":274,"minecraft:crafting_table":10,"minecraft:white_bed":4,"minecraft:granite":1,"minecraft:oak_log":1,"minecraft:iron_axe":247,"minecraft:bread":35,"minecraft:iron_pickaxe":250,"minecraft:stone_axe":105,"minecraft:light_gray_wool":1,"minecraft:wooden_sword":55,"minecraft:bow":2,"minecraft:sweet_berries":6,"minecraft:furnace":2,"minecraft:porkchop":10,"minecraft:cooked_beef":1,"minecraft:potato":1,"minecraft:cobbled_deepslate":1,"minecraft:dandelion":2,"minecraft:bone_meal":2,"minecraft:oak_chest_boat":1},"minecraft:killed":{"minecraft:pig":12,"minecraft:salmon":43,"minecraft:spider":1,"minecraft:sheep":3,"minecraft:zombie":1,"minecraft:chicken":1},"minecraft:killed_by":{"minecraft:spider":1},"minecraft:custom":{"minecraft:interact_with_furnace":6,"minecraft:mob_kills":61,"minecraft:interact_with_crafting_table":17,"minecraft:leave_game":15,"minecraft:time_since_death":165929,"minecraft:sleep_in_bed":4,"minecraft:climb_one_cm":15505,"minecraft:time_since_rest":18489,"minecraft:sprint_one_cm":280378,"minecraft:damage_taken":2170,"minecraft:walk_one_cm":447978,"minecraft:drop":25,"minecraft:damage_dealt":3494,"minecraft:swim_one_cm":107770,"minecraft:fly_one_cm":230718,"minecraft:open_chest":3,"minecraft:crouch_one_cm":8539,"minecraft:play_time":181158,"minecraft:deaths":2,"minecraft:sneak_time":15181,"minecraft:walk_under_water_one_cm":51182,"minecraft:boat_one_cm":2200,"minecraft:jump":2358,"minecraft:walk_on_water_one_cm":26040,"minecraft:total_world_time":181158,"minecraft:fall_one_cm":55144},"minecraft:crafted":{"minecraft:wooden_sword":1,"minecraft:oak_planks":36,"minecraft:stone_shovel":1,"minecraft:crafting_table":2,"minecraft:spruce_planks":308,"minecraft:wooden_pickaxe":1,"minecraft:iron_sword":1,"minecraft:spruce_door":3,"minecraft:furnace":1,"minecraft:stone_axe":1,"minecraft:bread":78,"minecraft:oak_boat":1,"minecraft:oak_chest_boat":1,"minecraft:iron_chestplate":1,"minecraft:iron_axe":1,"minecraft:stick":16,"minecraft:iron_ingot":17,"minecraft:iron_pickaxe":1,"minecraft:chest":1,"minecraft:iron_shovel":1,"minecraft:wheat":234},"minecraft:broken":{"minecraft:iron_shovel":1,"minecraft:wooden_sword":1,"minecraft:iron_pickaxe":1}},"DataVersion":3953}