{"stats":{"minecraft:broken":{"minecraft:iron_pickaxe":1},"minecraft:crafted":{"minecraft:oak_door":3,"minecraft:oak_planks":400,"minecraft:furnace":2,"minecraft:bone_meal":9,"minecraft:bookshelf":4,"minecraft:cooked_mutton":20,"minecraft:oak_trapdoor":8,"minecraft:flint_and_steel":1,"minecraft:glass":4,"minecraft:diamond_helmet":1,"minecraft:iron_boots":1,"minecraft:iron_axe":2,"minecraft:ladder":3,"minecraft:stone_pickaxe":2,"minecraft:chest":6,"minecraft:stone_hoe":1,"minecraft:wheat":27,"minecraft:cooked_beef":45,"minecraft:sugar":1,"minecraft:oak_slab":12,"minecraft:cooked_porkchop":20,"minecraft:diamond_axe":1,"minecraft:crafting_table":4,"minecraft:spruce_planks":120,"minecraft:wooden_pickaxe":2,"minecraft:iron_helmet":1,"minecraft:bucket":1,"minecraft:stone_axe":2,"minecraft:bread":12,"minecraft:oak_boat":4,"minecraft:book":13,"minecraft:iron_chestplate":1,"minecraft:paper":39,"minecraft:diamond_pickaxe":1,"minecraft:shield":1,"minecraft:stick":48,"minecraft:iron_ingot":38,"minecraft:iron_pickaxe":2,"minecraft:wooden_axe":1,"minecraft:oak_stairs":12,"minecraft:stone_sword":1,"minecraft:iron_shovel":1,"minecraft:iron_leggings":1,"minecraft:white_bed":1,"minecraft:composter":1,"minecraft:torch":64},"minecraft:killed_by":{"minecraft:skeleton":1,"minecraft:zombie":2},"minecraft:picked_up":{"minecraft:charcoal":2,"minecraft:crafting_table":5,"minecraft:iron_chestplate":1,"minecraft:wheat":10,"minecraft:ladder":2,"minecraft:chest_minecart":2,"minecraft:brown_mushroom":1,"minecraft:wooden_pickaxe":1,"minecraft:oak_stairs":1,"minecraft:shield":2,"minecraft:amethyst_block":2,"minecraft:oak_trapdoor":2,"minecraft:string":19,"minecraft:raw_copper":17,"minecraft:flint_and_steel":1,"minecraft:iron_leggings":1,"minecraft:iron_shovel":1,"minecraft:activator_rail":4,"minecraft:gold_nugget":20,"minecraft:cobbled_deepslate":5,"minecraft:spruce_planks":3,"minecraft:beef":46,"minecraft:oak_boat":9,"minecraft:calcite":2,"minecraft:iron_nugget":14,"minecraft:poppy":4,"minecraft:light_gray_wool":1,"minecraft:sugar_cane":73,"minecraft:chest":2,"minecraft:furnace":7,"minecraft:stick":16,"minecraft:raw_iron":70,"minecraft:composter":14,"minecraft:copper_ingot":1,"minecraft:oak_fence":3,"minecraft:torch":45,"minecraft:fire_charge":1,"minecraft:porkchop":20,"minecraft:pointed_dripstone":3,"minecraft:diorite":4,"minecraft:carrot":10,"minecraft:redstone":8,"minecraft:arrow":23,"minecraft:weeping_vines":1,"minecraft:rotten_flesh":27,"minecraft:diamond_boots":2,"minecraft:hay_block":6,"minecraft:gold_ingot":4,"minecraft:blaze_rod":9,"minecraft:glow_berries":5,"minecraft:mutton":20,"minecraft:obsidian":40,"minecraft:rail":1,"minecraft:white_wool":13,"minecraft:cobblestone":526,"minecraft:enchanting_table":1,"minecraft:cooked_beef":1,"minecraft:magma_cream":4,"minecraft:water_bucket":1,"minecraft:andesite":10,"minecraft:leather":21,"minecraft:golden_leggings":1,"minecraft:potato":9,"minecraft:flint":1,"minecraft:crimson_fungus":2,"minecraft:oak_log":123,"minecraft:cobblestone_wall":1,"minecraft:nether_wart_block":1,"minecraft:gunpowder":1,"minecraft:lapis_lazuli":55,"minecraft:dirt":245,"minecraft:blue_bed":1,"minecraft:name_tag":1,"minecraft:bone":16,"minecraft:stonecutter":1,"minecraft:wheat_seeds":92,"minecraft:iron_ingot":18,"minecraft:grindstone":4,"minecraft:fletching_table":1,"minecraft:diamond_helmet":1,"minecraft:oak_planks":113,"minecraft:smooth_basalt":1,"minecraft:cooked_porkchop":13,"minecraft:dandelion":1,"minecraft:dripstone_block":6,"minecraft:sand":29,"minecraft:amethyst_shard":4,"minecraft:spruce_sapling":2,"minecraft:grass_block":1,"minecraft:white_bed":7,"minecraft:spruce_log":54,"minecraft:pumpkin_seeds":11,"minecraft:purple_bed":8,"minecraft:diamond":10,"minecraft:granite":9,"minecraft:diamond_axe":1,"minecraft:golden_apple":1,"minecraft:gray_wool":1,"minecraft:bread":3,"minecraft:oak_sapling":12,"minecraft:netherrack":4,"minecraft:coal":58,"minecraft:ender_pearl":1,"minecraft:diamond_pickaxe":1},"minecraft:mined":{"minecraft:spruce_planks":3,"minecraft:white_bed":7,"minecraft:mossy_cobblestone":1,"minecraft:obsidian":40,"minecraft:granite":9,"minecraft:ladder":2,"minecraft:nether_bricks":3,"minecraft:grass_block":45,"minecraft:spruce_leaves":44,"minecraft:crimson_fungus":1,"minecraft:composter":14,"minecraft:large_fern":122,"minecraft:hay_block":7,"minecraft:weeping_vines_plant":1,"minecraft:oak_trapdoor":2,"minecraft:carrots":2,"minecraft:furnace":7,"minecraft:fire":8,"minecraft:iron_ore":62,"minecraft:cobbled_deepslate":2,"minecraft:andesite":10,"minecraft:fletching_table":1,"minecraft:enchanting_table":1,"minecraft:potatoes":3,"minecraft:dirt_path":33,"minecraft:deepslate_iron_ore":8,"minecraft:rail":1,"minecraft:oak_stairs":1,"minecraft:stone":353,"minecraft:brown_mushroom":2,"minecraft:glass_pane":3,"minecraft:amethyst_cluster":1,"minecraft:oak_fence":2,"minecraft:crafting_table":5,"minecraft:short_grass":165,"minecraft:calcite":2,"minecraft:chest":2,"minecraft:campfire":1,"minecraft:tall_grass":3,"minecraft:copper_ore":5,"minecraft:cobblestone":139,"minecraft:sugar_cane":59,"minecraft:grindstone":4,"minecraft:oak_planks":42,"minecraft:diorite":6,"minecraft:wall_torch":1,"minecraft:blue_bed":1,"minecraft:amethyst_block":2,"minecraft:seagrass":1,"minecraft:purple_bed":8,"minecraft:cobblestone_wall":1,"minecraft:nether_wart_block":1,"minecraft:wheat":10,"minecraft:sweet_berry_bush":1,"minecraft:spruce_log":58,"minecraft:coal_ore":35,"minecraft:oak_log":111,"minecraft:sand":4,"minecraft:dripstone_block":11,"minecraft:dirt":168,"minecraft:smooth_basalt":1,"minecraft:stonecutter":1,"minecraft:netherrack":7,"minecraft:oak_leaves":64,"minecraft:deepslate":3,"minecraft:fern":134},"minecraft:custom":{"minecraft:mob_kills":138,"minecraft:interact_with_crafting_table":56,"minecraft:open_barrel":1,"minecraft:leave_game":14,"minecraft:time_since_death":54493,"minecraft:climb_one_cm":14213,"minecraft:sprint_one_cm":1738003,"minecraft:walk_one_cm":1267940,"minecraft:damage_blocked_by_shield":2367,"minecraft:drop":48,"minecraft:talked_to_villager":11,"minecraft:play_time":420067,"minecraft:deaths":3,"minecraft:sneak_time":11812,"minecraft:walk_under_water_one_cm":26084,"minecraft:boat_one_cm":252144,"minecraft:jump":6220,"minecraft:walk_on_water_one_cm":109639,"minecraft:enchant_item":5,"minecraft:total_world_time":420067,"minecraft:interact_with_furnace":80,"minecraft:sleep_in_bed":18,"minecraft:time_since_rest":15416,"minecraft:damage_taken":3751,"minecraft:damage_dealt":20323,"minecraft:swim_one_cm":60321,"minecraft:fly_one_cm":1141569,"minecraft:open_chest":124,"minecraft:crouch_one_cm":39356,"minecraft:fall_one_cm":129925},"minecraft:dropped":{"minecraft:bread":8,"minecraft:brown_mushroom":1,"minecraft:wheat_seeds":18,"minecraft:weeping_vines":1,"minecraft:string":1,"minecraft:spruce_sapling":1,"minecraft:gold_ingot":1,"minecraft:crimson_fungus":2,"minecraft:sugar_cane":1,"minecraft:pointed_dripstone":1,"minecraft:rotten_flesh":6,"minecraft:oak_planks":64,"minecraft:cooked_mutton":20,"minecraft:pumpkin_seeds":5,"minecraft:hay_block":3,"minecraft:oak_boat":1,"minecraft:wooden_pickaxe":1,"minecraft:magma_cream":2},"minecraft:killed":{"minecraft:witch":1,"minecraft:spider":5,"minecraft:skeleton":11,"minecraft:drowned":2,"minecraft:magma_cube":12,"minecraft:pig":11,"minecraft:iron_golem":1,"minecraft:sheep":15,"minecraft:zombie":22,"minecraft:wither_skeleton":3,"minecraft:villager":3,"minecraft:blaze":24,"minecraft:enderman":1,"minecraft:cow":25},"minecraft:used":{"minecraft:oak_trapdoor":9,"minecraft:enchanting_table":1,"minecraft:stone_sword":6,"minecraft:iron_shovel":184,"minecraft:flint_and_steel":2,"minecraft:ladder":5,"minecraft:poppy":2,"minecraft:chest":8,"minecraft:spruce_planks":103,"minecraft:shield":67,"minecraft:stone_hoe":401,"minecraft:netherrack":2,"minecraft:oak_door":3,"minecraft:iron_chestplate":2,"minecraft:torch":109,"minecraft:dirt":114,"minecraft:cobblestone_wall":1,"minecraft:carrot":10,"minecraft:diamond_helmet":1,"minecraft:obsidian":21,"minecraft:glass":4,"minecraft:wooden_axe":9,"minecraft:bookshelf":4,"minecraft:oak_stairs":12,"minecraft:iron_axe":159,"minecraft:iron_helmet":2,"minecraft:iron_boots":1,"minecraft:furnace":9,"minecraft:cooked_beef":46,"minecraft:potato":9,"minecraft:cobbled_deepslate":82,"minecraft:iron_leggings":2,"minecraft:pointed_dripstone":2,"minecraft:wheat_seeds":67,"minecraft:water_bucket":104,"minecraft:diamond_boots":1,"minecraft:stone_pickaxe":114,"minecraft:oak_planks":182,"minecraft:wooden_pickaxe":19,"minecraft:composter":15,"minecraft:sugar_cane":23,"minecraft:diamond_axe":446,"minecraft:sand":5,"minecraft:crafting_table":9,"minecraft:white_bed":7,"minecraft:cod":2,"minecraft:spruce_log":7,"minecraft:diamond_pickaxe":339,"minecraft:bread":7,"minecraft:iron_pickaxe":250,"minecraft:golden_leggings":1,"minecraft:stone_axe":8,"minecraft:nether_wart_block":1,"minecraft:cobblestone":477,"minecraft:purple_bed":7,"minecraft:grindstone":2,"minecraft:cooked_porkchop":12,"minecraft:bucket":105,"minecraft:oak_boat":8,"minecraft:dandelion":1,"minecraft:bone_meal":9}},"DataVersion":3953}