{"stats":{"minecraft:dropped":{"minecraft:brown_mushroom":1,"minecraft:weeping_vines":1,"minecraft:dirt":20,"minecraft:white_wool":15,"minecraft:blue_bed":1,"minecraft:gold_ingot":1,"minecraft:crimson_fungus":2,"minecraft:sugar_cane":1,"minecraft:pointed_dripstone":1,"minecraft:rotten_flesh":7,"minecraft:oak_planks":71,"minecraft:cooked_mutton":20,"minecraft:white_bed":1,"minecraft:bread":8,"minecraft:wheat_seeds":18,"minecraft:cobblestone":1326,"minecraft:string":1,"minecraft:spruce_sapling":1,"minecraft:stone_shovel":1,"minecraft:pumpkin_seeds":8,"minecraft:hay_block":3,"minecraft:spruce_planks":16,"minecraft:oak_boat":1,"minecraft:wooden_pickaxe":1,"minecraft:magma_cream":2},"minecraft:mined":{"minecraft:spruce_planks":4,"minecraft:white_bed":7,"minecraft:obsidian":40,"minecraft:granite":41,"minecraft:grass_block":104,"minecraft:crimson_fungus":1,"minecraft:composter":14,"minecraft:weeping_vines_plant":1,"minecraft:iron_ore":62,"minecraft:cobbled_deepslate":5,"minecraft:fire":8,"minecraft:anvil":1,"minecraft:fletching_table":1,"minecraft:enchanting_table":1,"minecraft:dirt_path":41,"minecraft:oak_stairs":1,"minecraft:brown_mushroom":2,"minecraft:amethyst_cluster":1,"minecraft:torch":3,"minecraft:calcite":2,"minecraft:chest":7,"minecraft:cobblestone":233,"minecraft:sugar_cane":201,"minecraft:grindstone":4,"minecraft:oak_planks":43,"minecraft:wall_torch":5,"minecraft:amethyst_block":2,"minecraft:seagrass":1,"minecraft:nether_wart_block":2,"minecraft:birch_log":1,"minecraft:wheat":17,"minecraft:oak_log":116,"minecraft:sand":4,"minecraft:dirt":269,"minecraft:smooth_basalt":1,"minecraft:stonecutter":1,"minecraft:netherrack":7,"minecraft:deepslate":189,"minecraft:oak_leaves":75,"minecraft:tuff":16,"minecraft:mossy_cobblestone":1,"minecraft:deepslate_diamond_ore":32,"minecraft:oak_door":3,"minecraft:nether_bricks":3,"minecraft:ladder":2,"minecraft:spruce_leaves":51,"minecraft:large_fern":122,"minecraft:hay_block":7,"minecraft:oak_trapdoor":2,"minecraft:furnace":9,"minecraft:carrots":2,"minecraft:andesite":12,"minecraft:bookshelf":1,"minecraft:potatoes":3,"minecraft:deepslate_iron_ore":10,"minecraft:rail":15,"minecraft:stone":1974,"minecraft:glass_pane":3,"minecraft:oak_fence":2,"minecraft:crafting_table":8,"minecraft:short_grass":165,"minecraft:campfire":1,"minecraft:tall_grass":3,"minecraft:copper_ore":18,"minecraft:diorite":6,"minecraft:blue_bed":1,"minecraft:purple_bed":8,"minecraft:cobblestone_wall":1,"minecraft:sweet_berry_bush":1,"minecraft:spruce_log":73,"minecraft:coal_ore":108,"minecraft:dripstone_block":11,"minecraft:fern":135},"minecraft:picked_up":{"minecraft:iron_chestplate":1,"minecraft:wheat":16,"minecraft:anvil":1,"minecraft:oak_stairs":1,"minecraft:amethyst_block":4,"minecraft:string":25,"minecraft:raw_copper":76,"minecraft:iron_leggings":1,"minecraft:activator_rail":4,"minecraft:gold_nugget":20,"minecraft:cobbled_deepslate":279,"minecraft:spruce_planks":19,"minecraft:calcite":2,"minecraft:furnace":9,"minecraft:stick":18,"minecraft:composter":14,"minecraft:oak_fence":3,"minecraft:torch":54,"minecraft:porkchop":20,"minecraft:pointed_dripstone":3,"minecraft:diorite":4,"minecraft:rotten_flesh":52,"minecraft:blaze_rod":18,"minecraft:obsidian":54,"minecraft:cobblestone":3025,"minecraft:birch_log":1,"minecraft:enchanting_table":1,"minecraft:cooked_beef":1,"minecraft:magma_cream":6,"minecraft:water_bucket":1,"minecraft:andesite":14,"minecraft:golden_leggings":1,"minecraft:potato":13,"minecraft:flint":1,"minecraft:tuff":19,"minecraft:dirt":417,"minecraft:lapis_lazuli":86,"minecraft:name_tag":1,"minecraft:bone":35,"minecraft:stonecutter":2,"minecraft:wheat_seeds":109,"minecraft:grindstone":4,"minecraft:diamond_helmet":1,"minecraft:fletching_table":2,"minecraft:oak_planks":123,"minecraft:cooked_porkchop":13,"minecraft:music_disc_13":2,"minecraft:sand":49,"minecraft:grass_block":2,"minecraft:sugar":1,"minecraft:diamond":107,"minecraft:granite":46,"minecraft:golden_apple":4,"minecraft:emerald":5,"minecraft:bread":5,"minecraft:oak_sapling":14,"minecraft:netherrack":4,"minecraft:diamond_pickaxe":1,"minecraft:charcoal":2,"minecraft:crafting_table":8,"minecraft:azure_bluet":2,"minecraft:chicken":5,"minecraft:ladder":17,"minecraft:chest_minecart":2,"minecraft:brown_mushroom":1,"minecraft:wooden_pickaxe":1,"minecraft:diamond_horse_armor":2,"minecraft:shield":2,"minecraft:oak_trapdoor":2,"minecraft:flint_and_steel":2,"minecraft:iron_shovel":1,"minecraft:beef":46,"minecraft:oak_boat":10,"minecraft:iron_nugget":28,"minecraft:poppy":4,"minecraft:light_gray_wool":1,"minecraft:minecart":5,"minecraft:sugar_cane":299,"minecraft:chest":8,"minecraft:raw_iron":139,"minecraft:stone":23,"minecraft:oak_door":3,"minecraft:copper_ingot":1,"minecraft:fire_charge":1,"minecraft:carrot":10,"minecraft:redstone":136,"minecraft:weeping_vines":1,"minecraft:arrow":60,"minecraft:diamond_boots":2,"minecraft:hay_block":6,"minecraft:saddle":2,"minecraft:gold_ingot":4,"minecraft:glow_berries":5,"minecraft:mutton":24,"minecraft:white_wool":28,"minecraft:rail":31,"minecraft:glow_ink_sac":3,"minecraft:leather":27,"minecraft:crimson_fungus":2,"minecraft:oak_log":128,"minecraft:cobblestone_wall":1,"minecraft:nether_wart_block":2,"minecraft:gunpowder":2,"minecraft:blue_bed":1,"minecraft:apple":4,"minecraft:iron_ingot":30,"minecraft:book":4,"minecraft:smooth_basalt":1,"minecraft:dandelion":1,"minecraft:dripstone_block":6,"minecraft:amethyst_shard":8,"minecraft:spruce_sapling":3,"minecraft:white_bed":7,"minecraft:spruce_log":68,"minecraft:spider_eye":2,"minecraft:pumpkin_seeds":19,"minecraft:purple_bed":8,"minecraft:slime_ball":10,"minecraft:diamond_axe":1,"minecraft:gray_wool":1,"minecraft:melon_seeds":4,"minecraft:coal":199,"minecraft:ender_pearl":2},"minecraft:used":{"minecraft:iron_shovel":184,"minecraft:poppy":2,"minecraft:ladder":5,"minecraft:chest":20,"minecraft:shield":123,"minecraft:stone":64,"minecraft:rotten_flesh":10,"minecraft:iron_chestplate":2,"minecraft:carrot":10,"minecraft:tuff":5,"minecraft:azure_bluet":2,"minecraft:obsidian":21,"minecraft:glass":4,"minecraft:iron_helmet":2,"minecraft:furnace":13,"minecraft:potato":9,"minecraft:diamond_boots":1,"minecraft:stone_pickaxe":114,"minecraft:oak_planks":183,"minecraft:wooden_pickaxe":19,"minecraft:composter":15,"minecraft:diamond_axe":551,"minecraft:sugar_cane":169,"minecraft:sand":5,"minecraft:bread":35,"minecraft:nether_wart_block":2,"minecraft:grindstone":2,"minecraft:birch_log":1,"minecraft:oak_boat":9,"minecraft:bone_meal":9,"minecraft:oak_trapdoor":9,"minecraft:enchanting_table":1,"minecraft:stone_sword":6,"minecraft:flint_and_steel":2,"minecraft:stone_shovel":27,"minecraft:spruce_planks":104,"minecraft:stone_hoe":410,"minecraft:netherrack":2,"minecraft:oak_door":8,"minecraft:torch":193,"minecraft:dirt":392,"minecraft:anvil":1,"minecraft:cobblestone_wall":1,"minecraft:diamond_helmet":1,"minecraft:wooden_axe":9,"minecraft:bookshelf":8,"minecraft:iron_axe":159,"minecraft:oak_stairs":12,"minecraft:iron_boots":1,"minecraft:diamond_chestplate":1,"minecraft:minecart":4,"minecraft:cooked_beef":46,"minecraft:cobbled_deepslate":191,"minecraft:iron_leggings":2,"minecraft:pointed_dripstone":2,"minecraft:wheat_seeds":78,"minecraft:cooked_mutton":3,"minecraft:water_bucket":122,"minecraft:rail":14,"minecraft:oak_slab":5,"minecraft:crafting_table":14,"minecraft:white_bed":8,"minecraft:cod":2,"minecraft:spruce_log":7,"minecraft:diamond_pickaxe":2437,"minecraft:iron_pickaxe":250,"minecraft:spruce_trapdoor":2,"minecraft:spruce_sapling":1,"minecraft:golden_leggings":1,"minecraft:stone_axe":8,"minecraft:cobblestone":917,"minecraft:purple_bed":9,"minecraft:cooked_porkchop":20,"minecraft:bucket":123,"minecraft:dandelion":1,"minecraft:diamond_leggings":1},"minecraft:killed":{"minecraft:witch":1,"minecraft:spider":6,"minecraft:skeleton":21,"minecraft:magma_cube":12,"minecraft:pig":11,"minecraft:iron_golem":1,"minecraft:sheep":15,"minecraft:zombie":34,"minecraft:blaze":24,"minecraft:cow":25,"minecraft:drowned":2,"minecraft:wither_skeleton":3,"minecraft:villager":4,"minecraft:enderman":1},"minecraft:killed_by":{"minecraft:zombie":2,"minecraft:skeleton":1},"minecraft:custom":{"minecraft:interact_with_crafting_table":75,"minecraft:open_barrel":1,"minecraft:leave_game":17,"minecraft:time_since_death":293109,"minecraft:sprint_one_cm":2385307,"minecraft:damage_blocked_by_shield":4130,"minecraft:drop":103,"minecraft:talked_to_villager":13,"minecraft:play_time":658683,"minecraft:deaths":3,"minecraft:jump":9319,"minecraft:walk_on_water_one_cm":182367,"minecraft:enchant_item":5,"minecraft:interact_with_furnace":118,"minecraft:sleep_in_bed":24,"minecraft:damage_dealt":25810,"minecraft:crouch_one_cm":118001,"minecraft:mob_kills":166,"minecraft:climb_one_cm":23322,"minecraft:walk_one_cm":1962600,"minecraft:sneak_time":32448,"minecraft:walk_under_water_one_cm":59258,"minecraft:boat_one_cm":252788,"minecraft:total_world_time":658683,"minecraft:time_since_rest":6748,"minecraft:damage_taken":5309,"minecraft:swim_one_cm":114535,"minecraft:fly_one_cm":1507237,"minecraft:open_chest":234,"minecraft:fall_one_cm":174713},"minecraft:crafted":{"minecraft:oak_planks":420,"minecraft:cooked_chicken":5,"minecraft:stone":41,"minecraft:bookshelf":8,"minecraft:cooked_mutton":24,"minecraft:glass":4,"minecraft:diamond_helmet":1,"minecraft:diamond_leggings":1,"minecraft:iron_boots":1,"minecraft:chest":12,"minecraft:rail":16,"minecraft:stone_hoe":1,"minecraft:oak_slab":12,"minecraft:cooked_porkchop":20,"minecraft:diamond_axe":1,"minecraft:crafting_table":7,"minecraft:spruce_planks":212,"minecraft:wooden_pickaxe":2,"minecraft:iron_helmet":1,"minecraft:spruce_trapdoor":2,"minecraft:iron_chestplate":1,"minecraft:book":22,"minecraft:paper":66,"minecraft:diamond_pickaxe":2,"minecraft:shield":2,"minecraft:stick":88,"minecraft:iron_ingot":70,"minecraft:iron_pickaxe":2,"minecraft:stone_sword":1,"minecraft:composter":1,"minecraft:oak_door":6,"minecraft:stone_shovel":2,"minecraft:furnace":2,"minecraft:bone_meal":9,"minecraft:oak_trapdoor":8,"minecraft:flint_and_steel":1,"minecraft:iron_axe":2,"minecraft:ladder":3,"minecraft:stone_pickaxe":2,"minecraft:minecart":1,"minecraft:wheat":162,"minecraft:cooked_beef":45,"minecraft:sugar":1,"minecraft:bucket":1,"minecraft:stone_axe":2,"minecraft:bread":58,"minecraft:oak_boat":4,"minecraft:wooden_axe":1,"minecraft:oak_stairs":12,"minecraft:iron_shovel":1,"minecraft:iron_leggings":1,"minecraft:white_bed":1,"minecraft:torch":112,"minecraft:diamond_chestplate":1},"minecraft:broken":{"minecraft:iron_chestplate":1,"minecraft:iron_leggings":1,"minecraft:diamond_pickaxe":1,"minecraft:iron_pickaxe":1}},"DataVersion":3953}