{"stats":{"minecraft:used":{"minecraft:crafting_table":1,"minecraft:wooden_pickaxe":6},"minecraft:custom":{"minecraft:time_since_rest":2892,"minecraft:sprint_one_cm":2964,"minecraft:play_time":5889,"minecraft:damage_taken":10,"minecraft:walk_one_cm":3976,"minecraft:jump":44,"minecraft:damage_dealt":10,"minecraft:leave_game":6,"minecraft:time_since_death":5889,"minecraft:total_world_time":5889,"minecraft:interact_with_crafting_table":2,"minecraft:fly_one_cm":2789},"minecraft:crafted":{"minecraft:oak_planks":20,"minecraft:crafting_table":1,"minecraft:stick":4,"minecraft:wooden_pickaxe":1},"minecraft:picked_up":{"minecraft:oak_log":5,"minecraft:dirt":13,"minecraft:cobblestone":5},"minecraft:mined":{"minecraft:grass_block":3,"minecraft:oak_log":5,"minecraft:dirt":10,"minecraft:stone":6}},"DataVersion":3953}