{"stats":{"minecraft:used":{"minecraft:dirt":8},"minecraft:custom":{"minecraft:jump":111,"minecraft:time_since_rest":6000,"minecraft:leave_game":1,"minecraft:damage_dealt":20,"minecraft:walk_on_water_one_cm":625,"minecraft:sprint_one_cm":17694,"minecraft:play_time":6000,"minecraft:damage_taken":160,"minecraft:time_since_death":6000,"minecraft:walk_one_cm":9282,"minecraft:total_world_time":6000,"minecraft:walk_under_water_one_cm":342,"minecraft:swim_one_cm":6985,"minecraft:fall_one_cm":4108,"minecraft:fly_one_cm":21431},"minecraft:picked_up":{"minecraft:dandelion":1,"minecraft:dirt":17,"minecraft:egg":1},"minecraft:mined":{"minecraft:short_grass":1,"minecraft:tall_grass":1,"minecraft:grass_block":14,"minecraft:dirt":4}},"DataVersion":3953}