{"stats":{"minecraft:dropped":{"minecraft:water_bucket":1,"minecraft:porkchop":2,"minecraft:wheat_seeds":33,"minecraft:diamond_axe":2,"minecraft:dripstone_block":3,"minecraft:cobblestone":2,"minecraft:leather":1,"minecraft:stick":6,"minecraft:flint":1,"minecraft:dirt":16,"minecraft:diorite":3,"minecraft:torch":1,"minecraft:cornflower":2,"minecraft:iron_pickaxe":3,"minecraft:string":4,"minecraft:spruce_sapling":9,"minecraft:white_wool":1,"minecraft:bone":2,"minecraft:dandelion":59,"minecraft:gravel":20,"minecraft:oak_trapdoor":1,"minecraft:cobbled_deepslate":3,"minecraft:stone_shovel":1,"minecraft:tuff":13,"minecraft:pointed_dripstone":23,"minecraft:rotten_flesh":18,"minecraft:azure_bluet":55,"minecraft:oak_sign":2,"minecraft:recovery_compass":3,"minecraft:carrot":1,"minecraft:potato":1,"minecraft:gunpowder":4,"minecraft:diamond_pickaxe":1,"minecraft:oak_sapling":1,"minecraft:spider_eye":7,"minecraft:bow":1,"minecraft:arrow":13,"minecraft:calcite":3,"minecraft:written_book":1,"minecraft:egg":1},"minecraft:mined":{"minecraft:large_amethyst_bud":1,"minecraft:tuff":22,"minecraft:white_bed":1,"minecraft:deepslate_diamond_ore":59,"minecraft:obsidian":45,"minecraft:grass_block":1752,"minecraft:crimson_roots":1,"minecraft:spruce_leaves":4,"minecraft:cartography_table":1,"minecraft:composter":9,"minecraft:large_fern":15,"minecraft:hay_block":29,"minecraft:oak_trapdoor":9,"minecraft:carrots":29,"minecraft:furnace":2,"minecraft:fire":31,"minecraft:iron_ore":52,"minecraft:cobbled_deepslate":1,"minecraft:azure_bluet":41,"minecraft:water_cauldron":3,"minecraft:bookshelf":2,"minecraft:pointed_dripstone":11,"minecraft:deepslate_iron_ore":56,"minecraft:oak_sign":1,"minecraft:dirt_path":9,"minecraft:oak_stairs":1,"minecraft:stone":270,"minecraft:bone_block":6,"minecraft:white_wool":3,"minecraft:deepslate_redstone_ore":33,"minecraft:oak_slab":8,"minecraft:amethyst_cluster":3,"minecraft:soul_fire":5,"minecraft:dandelion":43,"minecraft:oak_fence":10,"minecraft:crafting_table":8,"minecraft:torch":10,"minecraft:short_grass":335,"minecraft:calcite":4,"minecraft:tall_grass":36,"minecraft:nether_quartz_ore":7,"minecraft:cobblestone":13,"minecraft:slime_block":1,"minecraft:deepslate_gold_ore":47,"minecraft:oak_planks":42,"minecraft:diorite":7,"minecraft:wall_torch":1,"minecraft:cauldron":2,"minecraft:yellow_wool":1,"minecraft:wheat":2,"minecraft:spruce_log":60,"minecraft:coal_ore":62,"minecraft:oak_log":146,"minecraft:oak_fence_gate":3,"minecraft:sand":1,"minecraft:gravel":19,"minecraft:dripstone_block":14,"minecraft:dirt":1115,"minecraft:smooth_basalt":3,"minecraft:netherrack":474,"minecraft:oak_leaves":11,"minecraft:deepslate":149},"minecraft:picked_up":{"minecraft:crafting_table":8,"minecraft:azure_bluet":76,"minecraft:yellow_wool":1,"minecraft:lead":53,"minecraft:oak_stairs":1,"minecraft:enchanted_book":4,"minecraft:shield":5,"minecraft:cornflower":3,"minecraft:oak_trapdoor":10,"minecraft:string":27,"minecraft:flint_and_steel":3,"minecraft:diamond_leggings":3,"minecraft:cobbled_deepslate":143,"minecraft:bucket":2,"minecraft:beef":82,"minecraft:oak_boat":9,"minecraft:written_book":6,"minecraft:calcite":3,"minecraft:iron_pickaxe":2,"minecraft:phantom_membrane":3,"minecraft:egg":1,"minecraft:furnace":2,"minecraft:stick":11,"minecraft:raw_iron":108,"minecraft:stone":1,"minecraft:composter":9,"minecraft:oak_fence":10,"minecraft:torch":11,"minecraft:recovery_compass":3,"minecraft:porkchop":32,"minecraft:pointed_dripstone":28,"minecraft:diorite":7,"minecraft:carrot":110,"minecraft:redstone":159,"minecraft:cauldron":4,"minecraft:stone_shovel":1,"minecraft:diamond_chestplate":3,"minecraft:arrow":25,"minecraft:rotten_flesh":63,"minecraft:diamond_boots":3,"minecraft:hay_block":47,"minecraft:glowstone":11,"minecraft:saddle":1,"minecraft:mutton":23,"minecraft:obsidian":85,"minecraft:white_wool":31,"minecraft:bone_block":6,"minecraft:cobblestone":711,"minecraft:cooked_beef":76,"minecraft:water_bucket":5,"minecraft:leather":70,"minecraft:potato":1,"minecraft:flint":2,"minecraft:tuff":18,"minecraft:oak_log":248,"minecraft:blue_bed":1,"minecraft:golden_boots":1,"minecraft:gunpowder":17,"minecraft:lapis_lazuli":12,"minecraft:dirt":2621,"minecraft:bone":28,"minecraft:apple":1,"minecraft:bow":1,"minecraft:wheat_seeds":72,"minecraft:raw_gold":47,"minecraft:iron_ingot":1,"minecraft:oak_fence_gate":3,"minecraft:diamond_helmet":3,"minecraft:oak_planks":124,"minecraft:book":7,"minecraft:oak_slab":8,"minecraft:smooth_basalt":3,"minecraft:quartz":12,"minecraft:dandelion":113,"minecraft:dripstone_block":16,"minecraft:gravel":33,"minecraft:amethyst_shard":12,"minecraft:spruce_sapling":9,"minecraft:white_bed":10,"minecraft:spruce_log":59,"minecraft:spider_eye":12,"minecraft:diamond_shovel":3,"minecraft:slime_ball":9,"minecraft:diamond":59,"minecraft:slime_block":1,"minecraft:diamond_axe":5,"minecraft:bone_meal":54,"minecraft:bread":28,"minecraft:oak_sapling":1,"minecraft:netherrack":638,"minecraft:coal":101,"minecraft:crimson_roots":1,"minecraft:diamond_pickaxe":4},"minecraft:used":{"minecraft:oak_fence":66,"minecraft:oak_trapdoor":25,"minecraft:iron_shovel":114,"minecraft:flint_and_steel":4,"minecraft:oak_sign":13,"minecraft:chest":6,"minecraft:shield":66,"minecraft:stone":1,"minecraft:netherrack":369,"minecraft:torch":51,"minecraft:anvil":1,"minecraft:dirt":1890,"minecraft:hopper":4,"minecraft:carrot":92,"minecraft:tuff":5,"minecraft:obsidian":38,"minecraft:oak_fence_gate":15,"minecraft:lava_bucket":8,"minecraft:bookshelf":2,"minecraft:slime_block":1,"minecraft:iron_axe":246,"minecraft:smooth_basalt":3,"minecraft:glowstone":2,"minecraft:beef":5,"minecraft:furnace":2,"minecraft:cooked_beef":39,"minecraft:cobbled_deepslate":140,"minecraft:pointed_dripstone":1,"minecraft:water_bucket":65,"minecraft:diorite":4,"minecraft:stone_pickaxe":178,"minecraft:oak_planks":65,"minecraft:blue_bed":1,"minecraft:composter":10,"minecraft:cauldron":3,"minecraft:diamond_axe":852,"minecraft:oak_slab":41,"minecraft:crafting_table":13,"minecraft:white_bed":14,"minecraft:dripstone_block":13,"minecraft:smoker":1,"minecraft:wooden_hoe":97,"minecraft:diamond_pickaxe":754,"minecraft:apple":5,"minecraft:diamond_shovel":2744,"minecraft:bread":115,"minecraft:iron_pickaxe":454,"minecraft:gravel":4,"minecraft:yellow_wool":1,"minecraft:stone_axe":66,"minecraft:cobblestone":44,"minecraft:bucket":72,"minecraft:oak_boat":9,"minecraft:bone_meal":18},"minecraft:killed":{"minecraft:zombified_piglin":1,"minecraft:witch":1,"minecraft:spider":27,"minecraft:slime":6,"minecraft:phantom":3,"minecraft:skeleton":37,"minecraft:horse":1,"minecraft:piglin":3,"minecraft:pig":8,"minecraft:zombie_villager":1,"minecraft:iron_golem":4,"minecraft:wandering_trader":1,"minecraft:hoglin":3,"minecraft:creeper":13,"minecraft:sheep":11,"minecraft:trader_llama":2,"minecraft:zombie":68,"minecraft:donkey":1,"minecraft:enderman":1,"minecraft:cow":23},"minecraft:killed_by":{"minecraft:zombified_piglin":2},"minecraft:custom":{"minecraft:mob_kills":220,"minecraft:interact_with_anvil":3,"minecraft:inspect_hopper":5,"minecraft:interact_with_crafting_table":79,"minecraft:bell_ring":11,"minecraft:leave_game":12,"minecraft:time_since_death":181544,"minecraft:climb_one_cm":425,"minecraft:sprint_one_cm":1565375,"minecraft:walk_one_cm":2317007,"minecraft:damage_blocked_by_shield":2184,"minecraft:drop":78,"minecraft:talked_to_villager":13,"minecraft:play_time":846243,"minecraft:deaths":6,"minecraft:sneak_time":17402,"minecraft:walk_under_water_one_cm":13949,"minecraft:boat_one_cm":16135,"minecraft:jump":12065,"minecraft:interact_with_blast_furnace":2,"minecraft:walk_on_water_one_cm":92175,"minecraft:enchant_item":4,"minecraft:total_world_time":846243,"minecraft:interact_with_furnace":8,"minecraft:sleep_in_bed":26,"minecraft:time_since_rest":12832,"minecraft:damage_taken":8306,"minecraft:damage_dealt":42173,"minecraft:swim_one_cm":4589,"minecraft:fly_one_cm":2230217,"minecraft:open_chest":220,"minecraft:crouch_one_cm":48731,"minecraft:interact_with_smoker":8,"minecraft:fall_one_cm":302012},"minecraft:crafted":{"minecraft:oak_planks":508,"minecraft:oak_sign":15,"minecraft:furnace":1,"minecraft:slime_block":1,"minecraft:bone_meal":72,"minecraft:diamond_shovel":1,"minecraft:bookshelf":2,"minecraft:cooked_mutton":2,"minecraft:flint_and_steel":2,"minecraft:oak_trapdoor":18,"minecraft:hopper":4,"minecraft:diamond_helmet":1,"minecraft:diamond_leggings":1,"minecraft:iron_boots":1,"minecraft:iron_axe":3,"minecraft:stone_pickaxe":4,"minecraft:chest":10,"minecraft:diamond_boots":1,"minecraft:oak_fence":72,"minecraft:wheat":288,"minecraft:smoker":1,"minecraft:cooked_beef":37,"minecraft:oak_slab":54,"minecraft:cauldron":1,"minecraft:diamond_axe":1,"minecraft:crafting_table":6,"minecraft:iron_helmet":1,"minecraft:bucket":2,"minecraft:stone_axe":1,"minecraft:bread":96,"minecraft:oak_fence_gate":12,"minecraft:oak_boat":2,"minecraft:white_wool":6,"minecraft:book":3,"minecraft:iron_chestplate":1,"minecraft:wooden_hoe":2,"minecraft:paper":9,"minecraft:diamond_pickaxe":1,"minecraft:shield":1,"minecraft:stick":184,"minecraft:iron_ingot":64,"minecraft:iron_pickaxe":2,"minecraft:iron_block":3,"minecraft:iron_shovel":1,"minecraft:iron_leggings":1,"minecraft:anvil":1,"minecraft:white_bed":8,"minecraft:composter":2,"minecraft:torch":60,"minecraft:diamond_chestplate":1},"minecraft:broken":{"minecraft:diamond_shovel":1,"minecraft:iron_axe":1,"minecraft:stone_axe":1,"minecraft:iron_pickaxe":1,"minecraft:wooden_hoe":1}},"DataVersion":3953}