{"stats":{"minecraft:dropped":{"minecraft:water_bucket":1,"minecraft:porkchop":2,"minecraft:wheat_seeds":33,"minecraft:diamond_axe":3,"minecraft:dripstone_block":3,"minecraft:cobblestone":2,"minecraft:leather":1,"minecraft:stick":6,"minecraft:flint":1,"minecraft:dirt":17,"minecraft:diorite":3,"minecraft:torch":1,"minecraft:cornflower":2,"minecraft:iron_pickaxe":3,"minecraft:spruce_sapling":9,"minecraft:string":4,"minecraft:white_wool":1,"minecraft:bone":2,"minecraft:dandelion":59,"minecraft:gravel":20,"minecraft:sugar_cane":6,"minecraft:oak_trapdoor":1,"minecraft:cobbled_deepslate":3,"minecraft:tuff":13,"minecraft:pointed_dripstone":23,"minecraft:stone_shovel":1,"minecraft:rotten_flesh":18,"minecraft:azure_bluet":55,"minecraft:recovery_compass":3,"minecraft:oak_sign":2,"minecraft:carrot":1,"minecraft:potato":1,"minecraft:gunpowder":4,"minecraft:diamond_pickaxe":1,"minecraft:oak_sapling":1,"minecraft:spider_eye":7,"minecraft:bow":1,"minecraft:arrow":13,"minecraft:calcite":3,"minecraft:written_book":1,"minecraft:egg":1},"minecraft:mined":{"minecraft:large_amethyst_bud":1,"minecraft:tuff":22,"minecraft:white_bed":2,"minecraft:deepslate_diamond_ore":59,"minecraft:obsidian":45,"minecraft:spruce_trapdoor":2,"minecraft:grass_block":1776,"minecraft:crimson_roots":1,"minecraft:spruce_leaves":4,"minecraft:hopper":1,"minecraft:cartography_table":1,"minecraft:composter":9,"minecraft:oak_wall_sign":1,"minecraft:large_fern":15,"minecraft:hay_block":29,"minecraft:tall_seagrass":2,"minecraft:oak_trapdoor":13,"minecraft:furnace":2,"minecraft:carrots":29,"minecraft:iron_ore":52,"minecraft:fire":32,"minecraft:cobbled_deepslate":1,"minecraft:azure_bluet":41,"minecraft:bookshelf":2,"minecraft:pointed_dripstone":11,"minecraft:oak_sign":1,"minecraft:water_cauldron":3,"minecraft:deepslate_iron_ore":56,"minecraft:dirt_path":13,"minecraft:oak_stairs":1,"minecraft:stone":311,"minecraft:bone_block":6,"minecraft:white_wool":3,"minecraft:deepslate_redstone_ore":33,"minecraft:oak_slab":8,"minecraft:soul_fire":5,"minecraft:amethyst_cluster":3,"minecraft:dandelion":43,"minecraft:oak_fence":10,"minecraft:crafting_table":9,"minecraft:torch":12,"minecraft:short_grass":335,"minecraft:calcite":4,"minecraft:nether_quartz_ore":7,"minecraft:tall_grass":36,"minecraft:cobblestone":13,"minecraft:slime_block":1,"minecraft:deepslate_gold_ore":47,"minecraft:oak_planks":42,"minecraft:diorite":7,"minecraft:wall_torch":1,"minecraft:cauldron":2,"minecraft:yellow_wool":1,"minecraft:wheat":2,"minecraft:spruce_log":60,"minecraft:coal_ore":62,"minecraft:oak_log":146,"minecraft:oak_fence_gate":3,"minecraft:dripstone_block":14,"minecraft:gravel":19,"minecraft:sand":1,"minecraft:dirt":1185,"minecraft:smooth_basalt":3,"minecraft:netherrack":475,"minecraft:oak_leaves":11,"minecraft:deepslate":149},"minecraft:picked_up":{"minecraft:crafting_table":9,"minecraft:azure_bluet":76,"minecraft:yellow_wool":1,"minecraft:lead":100,"minecraft:oak_stairs":1,"minecraft:enchanted_book":4,"minecraft:shield":6,"minecraft:cornflower":3,"minecraft:oak_trapdoor":14,"minecraft:string":27,"minecraft:flint_and_steel":3,"minecraft:oak_sign":1,"minecraft:diamond_leggings":4,"minecraft:cobbled_deepslate":143,"minecraft:bucket":4,"minecraft:poppy":2,"minecraft:beef":82,"minecraft:oak_boat":9,"minecraft:written_book":7,"minecraft:calcite":3,"minecraft:iron_pickaxe":2,"minecraft:sugar_cane":9,"minecraft:spruce_trapdoor":2,"minecraft:phantom_membrane":3,"minecraft:furnace":2,"minecraft:egg":1,"minecraft:stick":11,"minecraft:raw_iron":108,"minecraft:stone":1,"minecraft:composter":9,"minecraft:oak_fence":10,"minecraft:torch":13,"minecraft:porkchop":32,"minecraft:recovery_compass":3,"minecraft:pointed_dripstone":28,"minecraft:diorite":7,"minecraft:carrot":174,"minecraft:redstone":159,"minecraft:cauldron":4,"minecraft:stone_shovel":1,"minecraft:rotten_flesh":63,"minecraft:diamond_chestplate":4,"minecraft:arrow":25,"minecraft:deepslate_bricks":1,"minecraft:diamond_boots":4,"minecraft:hay_block":47,"minecraft:glowstone":11,"minecraft:saddle":1,"minecraft:obsidian":85,"minecraft:mutton":23,"minecraft:bone_block":6,"minecraft:white_wool":31,"minecraft:cobblestone":2248,"minecraft:cooked_beef":87,"minecraft:water_bucket":5,"minecraft:leather":70,"minecraft:potato":1,"minecraft:flint":2,"minecraft:tuff":18,"minecraft:oak_log":248,"minecraft:golden_boots":1,"minecraft:gunpowder":17,"minecraft:lapis_lazuli":12,"minecraft:dirt":2780,"minecraft:blue_bed":1,"minecraft:bone":28,"minecraft:apple":1,"minecraft:bow":1,"minecraft:wheat_seeds":72,"minecraft:raw_gold":47,"minecraft:oak_fence_gate":3,"minecraft:iron_ingot":13,"minecraft:diamond_helmet":3,"minecraft:oak_planks":124,"minecraft:book":7,"minecraft:oak_slab":8,"minecraft:smooth_basalt":3,"minecraft:quartz":12,"minecraft:dandelion":113,"minecraft:dripstone_block":16,"minecraft:gravel":33,"minecraft:amethyst_shard":12,"minecraft:spruce_sapling":9,"minecraft:white_bed":11,"minecraft:spruce_log":59,"minecraft:spider_eye":12,"minecraft:diamond_shovel":4,"minecraft:slime_ball":9,"minecraft:diamond":59,"minecraft:slime_block":1,"minecraft:diamond_axe":7,"minecraft:bone_meal":54,"minecraft:bread":28,"minecraft:oak_sapling":1,"minecraft:netherrack":639,"minecraft:coal":101,"minecraft:hopper":1,"minecraft:crimson_roots":1,"minecraft:diamond_pickaxe":5},"minecraft:used":{"minecraft:oak_fence":66,"minecraft:oak_trapdoor":31,"minecraft:iron_shovel":114,"minecraft:flint_and_steel":4,"minecraft:oak_sign":18,"minecraft:chest":7,"minecraft:shield":66,"minecraft:stone":1,"minecraft:netherrack":369,"minecraft:torch":51,"minecraft:anvil":1,"minecraft:dirt":1997,"minecraft:hopper":6,"minecraft:carrot":97,"minecraft:tuff":5,"minecraft:obsidian":38,"minecraft:oak_fence_gate":16,"minecraft:spruce_boat":1,"minecraft:lava_bucket":9,"minecraft:bookshelf":2,"minecraft:slime_block":1,"minecraft:iron_axe":246,"minecraft:smooth_basalt":3,"minecraft:glowstone":2,"minecraft:beef":5,"minecraft:furnace":2,"minecraft:cooked_beef":47,"minecraft:cobbled_deepslate":140,"minecraft:pointed_dripstone":1,"minecraft:water_bucket":93,"minecraft:diorite":4,"minecraft:stone_pickaxe":178,"minecraft:oak_planks":65,"minecraft:composter":10,"minecraft:diamond_axe":906,"minecraft:cauldron":3,"minecraft:blue_bed":1,"minecraft:oak_slab":42,"minecraft:crafting_table":14,"minecraft:white_bed":17,"minecraft:dripstone_block":13,"minecraft:smoker":1,"minecraft:wooden_hoe":97,"minecraft:diamond_pickaxe":797,"minecraft:apple":5,"minecraft:diamond_shovel":2781,"minecraft:bread":115,"minecraft:iron_pickaxe":454,"minecraft:gravel":4,"minecraft:yellow_wool":1,"minecraft:stone_axe":66,"minecraft:cobblestone":44,"minecraft:bucket":101,"minecraft:oak_boat":9,"minecraft:bone_meal":18},"minecraft:killed":{"minecraft:zombified_piglin":1,"minecraft:witch":1,"minecraft:spider":27,"minecraft:phantom":3,"minecraft:slime":6,"minecraft:skeleton":38,"minecraft:horse":1,"minecraft:piglin":3,"minecraft:pig":8,"minecraft:zombie_villager":1,"minecraft:iron_golem":6,"minecraft:wandering_trader":1,"minecraft:hoglin":3,"minecraft:creeper":13,"minecraft:sheep":11,"minecraft:trader_llama":2,"minecraft:zombie":69,"minecraft:donkey":1,"minecraft:enderman":1,"minecraft:cow":23},"minecraft:killed_by":{"minecraft:zombified_piglin":2},"minecraft:custom":{"minecraft:mob_kills":224,"minecraft:interact_with_anvil":3,"minecraft:inspect_hopper":10,"minecraft:interact_with_crafting_table":90,"minecraft:bell_ring":11,"minecraft:leave_game":13,"minecraft:time_since_death":39144,"minecraft:climb_one_cm":644,"minecraft:sprint_one_cm":1778655,"minecraft:walk_one_cm":2562376,"minecraft:damage_blocked_by_shield":2184,"minecraft:drop":82,"minecraft:talked_to_villager":23,"minecraft:play_time":947947,"minecraft:deaths":7,"minecraft:sneak_time":18762,"minecraft:walk_under_water_one_cm":15779,"minecraft:boat_one_cm":16135,"minecraft:jump":13549,"minecraft:interact_with_blast_furnace":2,"minecraft:walk_on_water_one_cm":109352,"minecraft:enchant_item":4,"minecraft:total_world_time":947947,"minecraft:interact_with_furnace":8,"minecraft:sleep_in_bed":26,"minecraft:time_since_rest":13816,"minecraft:damage_taken":8869,"minecraft:damage_dealt":44258,"minecraft:swim_one_cm":11877,"minecraft:fly_one_cm":2516285,"minecraft:open_chest":270,"minecraft:crouch_one_cm":50822,"minecraft:interact_with_smoker":8,"minecraft:fall_one_cm":336760},"minecraft:crafted":{"minecraft:oak_planks":544,"minecraft:oak_sign":21,"minecraft:furnace":1,"minecraft:slime_block":1,"minecraft:bone_meal":72,"minecraft:diamond_shovel":1,"minecraft:bookshelf":2,"minecraft:flint_and_steel":2,"minecraft:cooked_mutton":2,"minecraft:oak_trapdoor":20,"minecraft:hopper":5,"minecraft:diamond_helmet":1,"minecraft:diamond_leggings":1,"minecraft:iron_boots":1,"minecraft:iron_axe":3,"minecraft:stone_pickaxe":4,"minecraft:chest":12,"minecraft:diamond_boots":1,"minecraft:spruce_boat":1,"minecraft:oak_fence":72,"minecraft:wheat":288,"minecraft:smoker":1,"minecraft:cooked_beef":37,"minecraft:oak_slab":54,"minecraft:spruce_planks":20,"minecraft:cauldron":1,"minecraft:diamond_axe":1,"minecraft:crafting_table":6,"minecraft:iron_helmet":1,"minecraft:bucket":2,"minecraft:stone_axe":1,"minecraft:bread":96,"minecraft:oak_fence_gate":13,"minecraft:oak_boat":2,"minecraft:white_wool":6,"minecraft:book":3,"minecraft:iron_chestplate":1,"minecraft:wooden_hoe":2,"minecraft:paper":9,"minecraft:diamond_pickaxe":1,"minecraft:shield":1,"minecraft:stick":184,"minecraft:iron_ingot":64,"minecraft:iron_pickaxe":2,"minecraft:iron_block":3,"minecraft:iron_shovel":1,"minecraft:iron_leggings":1,"minecraft:anvil":1,"minecraft:white_bed":8,"minecraft:composter":2,"minecraft:torch":60,"minecraft:diamond_chestplate":1},"minecraft:broken":{"minecraft:diamond_helmet":1,"minecraft:diamond_shovel":1,"minecraft:iron_axe":1,"minecraft:stone_axe":1,"minecraft:iron_pickaxe":1,"minecraft:wooden_hoe":1}},"DataVersion":3953}