{"stats":{"minecraft:broken":{"minecraft:diamond_shovel":1,"minecraft:iron_axe":1,"minecraft:stone_axe":1,"minecraft:iron_pickaxe":1,"minecraft:wooden_hoe":1},"minecraft:used":{"minecraft:oak_fence":63,"minecraft:oak_trapdoor":16,"minecraft:iron_shovel":114,"minecraft:flint_and_steel":3,"minecraft:chest":4,"minecraft:shield":50,"minecraft:stone":1,"minecraft:netherrack":219,"minecraft:torch":5,"minecraft:anvil":1,"minecraft:dirt":1324,"minecraft:carrot":92,"minecraft:tuff":5,"minecraft:oak_fence_gate":3,"minecraft:obsidian":28,"minecraft:lava_bucket":3,"minecraft:bookshelf":2,"minecraft:iron_axe":246,"minecraft:slime_block":1,"minecraft:smooth_basalt":3,"minecraft:glowstone":2,"minecraft:beef":5,"minecraft:furnace":2,"minecraft:cooked_beef":23,"minecraft:cobbled_deepslate":140,"minecraft:water_bucket":58,"minecraft:diorite":4,"minecraft:stone_pickaxe":178,"minecraft:oak_planks":37,"minecraft:composter":10,"minecraft:cauldron":1,"minecraft:diamond_axe":536,"minecraft:oak_slab":29,"minecraft:crafting_table":10,"minecraft:white_bed":4,"minecraft:dripstone_block":13,"minecraft:smoker":1,"minecraft:wooden_hoe":97,"minecraft:diamond_pickaxe":264,"minecraft:apple":5,"minecraft:diamond_shovel":1510,"minecraft:bread":93,"minecraft:iron_pickaxe":454,"minecraft:yellow_wool":1,"minecraft:stone_axe":66,"minecraft:cobblestone":44,"minecraft:bucket":61,"minecraft:oak_boat":5,"minecraft:bone_meal":18},"minecraft:killed":{"minecraft:spider":20,"minecraft:slime":6,"minecraft:phantom":3,"minecraft:skeleton":36,"minecraft:horse":1,"minecraft:pig":8,"minecraft:zombie_villager":1,"minecraft:wandering_trader":1,"minecraft:hoglin":2,"minecraft:creeper":7,"minecraft:sheep":8,"minecraft:trader_llama":2,"minecraft:zombie":59,"minecraft:donkey":1,"minecraft:cow":23},"minecraft:custom":{"minecraft:mob_kills":183,"minecraft:interact_with_anvil":3,"minecraft:interact_with_crafting_table":51,"minecraft:bell_ring":11,"minecraft:leave_game":7,"minecraft:time_since_death":170959,"minecraft:sprint_one_cm":990970,"minecraft:walk_one_cm":1539285,"minecraft:damage_blocked_by_shield":1719,"minecraft:drop":50,"minecraft:talked_to_villager":3,"minecraft:play_time":592236,"minecraft:deaths":1,"minecraft:sneak_time":7855,"minecraft:walk_under_water_one_cm":9860,"minecraft:boat_one_cm":2226,"minecraft:jump":7948,"minecraft:interact_with_blast_furnace":2,"minecraft:walk_on_water_one_cm":47506,"minecraft:enchant_item":4,"minecraft:total_world_time":592236,"minecraft:interact_with_furnace":8,"minecraft:sleep_in_bed":12,"minecraft:time_since_rest":9975,"minecraft:damage_taken":5612,"minecraft:damage_dealt":31657,"minecraft:swim_one_cm":4182,"minecraft:fly_one_cm":1432328,"minecraft:open_chest":137,"minecraft:crouch_one_cm":29979,"minecraft:interact_with_smoker":8,"minecraft:fall_one_cm":216834},"minecraft:crafted":{"minecraft:oak_planks":352,"minecraft:furnace":1,"minecraft:slime_block":1,"minecraft:bone_meal":72,"minecraft:diamond_shovel":1,"minecraft:bookshelf":2,"minecraft:cooked_mutton":2,"minecraft:flint_and_steel":1,"minecraft:oak_trapdoor":12,"minecraft:diamond_helmet":1,"minecraft:diamond_leggings":1,"minecraft:iron_boots":1,"minecraft:iron_axe":3,"minecraft:stone_pickaxe":4,"minecraft:chest":4,"minecraft:diamond_boots":1,"minecraft:oak_fence":72,"minecraft:wheat":288,"minecraft:smoker":1,"minecraft:cooked_beef":37,"minecraft:oak_slab":42,"minecraft:diamond_axe":1,"minecraft:crafting_table":4,"minecraft:iron_helmet":1,"minecraft:stone_axe":1,"minecraft:bread":96,"minecraft:oak_fence_gate":2,"minecraft:oak_boat":1,"minecraft:book":3,"minecraft:iron_chestplate":1,"minecraft:white_wool":5,"minecraft:wooden_hoe":2,"minecraft:paper":9,"minecraft:diamond_pickaxe":1,"minecraft:shield":1,"minecraft:stick":104,"minecraft:iron_ingot":64,"minecraft:iron_pickaxe":2,"minecraft:iron_block":3,"minecraft:iron_shovel":1,"minecraft:iron_leggings":1,"minecraft:anvil":1,"minecraft:white_bed":3,"minecraft:composter":2,"minecraft:torch":16,"minecraft:diamond_chestplate":1},"minecraft:picked_up":{"minecraft:crafting_table":6,"minecraft:azure_bluet":59,"minecraft:yellow_wool":1,"minecraft:lead":8,"minecraft:oak_stairs":1,"minecraft:enchanted_book":4,"minecraft:shield":1,"minecraft:cornflower":3,"minecraft:oak_trapdoor":5,"minecraft:string":19,"minecraft:flint_and_steel":1,"minecraft:diamond_leggings":1,"minecraft:cobbled_deepslate":143,"minecraft:beef":82,"minecraft:oak_boat":4,"minecraft:calcite":3,"minecraft:iron_pickaxe":2,"minecraft:phantom_membrane":3,"minecraft:furnace":2,"minecraft:egg":1,"minecraft:stick":4,"minecraft:raw_iron":108,"minecraft:stone":1,"minecraft:composter":9,"minecraft:oak_fence":5,"minecraft:torch":1,"minecraft:porkchop":30,"minecraft:pointed_dripstone":24,"minecraft:diorite":4,"minecraft:carrot":109,"minecraft:redstone":152,"minecraft:cauldron":3,"minecraft:rotten_flesh":54,"minecraft:diamond_chestplate":1,"minecraft:arrow":25,"minecraft:diamond_boots":1,"minecraft:hay_block":47,"minecraft:glowstone":11,"minecraft:saddle":1,"minecraft:obsidian":57,"minecraft:mutton":19,"minecraft:cobblestone":76,"minecraft:bone_block":6,"minecraft:white_wool":13,"minecraft:cooked_beef":10,"minecraft:water_bucket":3,"minecraft:leather":69,"minecraft:potato":1,"minecraft:oak_log":146,"minecraft:flint":1,"minecraft:tuff":18,"minecraft:golden_boots":1,"minecraft:gunpowder":8,"minecraft:lapis_lazuli":12,"minecraft:dirt":1367,"minecraft:bone":26,"minecraft:apple":1,"minecraft:bow":1,"minecraft:wheat_seeds":57,"minecraft:raw_gold":47,"minecraft:oak_fence_gate":1,"minecraft:iron_ingot":1,"minecraft:diamond_helmet":1,"minecraft:oak_planks":27,"minecraft:book":7,"minecraft:oak_slab":6,"minecraft:smooth_basalt":3,"minecraft:quartz":2,"minecraft:dandelion":92,"minecraft:dripstone_block":16,"minecraft:gravel":20,"minecraft:amethyst_shard":12,"minecraft:white_bed":1,"minecraft:spider_eye":9,"minecraft:diamond_shovel":1,"minecraft:slime_ball":9,"minecraft:diamond":59,"minecraft:slime_block":1,"minecraft:diamond_axe":3,"minecraft:bone_meal":54,"minecraft:bread":3,"minecraft:oak_sapling":1,"minecraft:netherrack":271,"minecraft:coal":83,"minecraft:crimson_roots":1,"minecraft:diamond_pickaxe":2},"minecraft:mined":{"minecraft:large_amethyst_bud":1,"minecraft:tuff":22,"minecraft:white_bed":1,"minecraft:deepslate_diamond_ore":59,"minecraft:obsidian":41,"minecraft:grass_block":1062,"minecraft:crimson_roots":1,"minecraft:composter":9,"minecraft:cartography_table":1,"minecraft:hay_block":29,"minecraft:oak_trapdoor":4,"minecraft:furnace":2,"minecraft:carrots":29,"minecraft:fire":29,"minecraft:iron_ore":52,"minecraft:cobbled_deepslate":1,"minecraft:azure_bluet":30,"minecraft:bookshelf":2,"minecraft:pointed_dripstone":10,"minecraft:water_cauldron":3,"minecraft:deepslate_iron_ore":56,"minecraft:dirt_path":7,"minecraft:oak_stairs":1,"minecraft:stone":63,"minecraft:bone_block":6,"minecraft:white_wool":3,"minecraft:deepslate_redstone_ore":33,"minecraft:oak_slab":6,"minecraft:soul_fire":5,"minecraft:amethyst_cluster":3,"minecraft:dandelion":34,"minecraft:oak_fence":5,"minecraft:crafting_table":6,"minecraft:short_grass":291,"minecraft:calcite":4,"minecraft:nether_quartz_ore":1,"minecraft:tall_grass":36,"minecraft:cobblestone":13,"minecraft:slime_block":1,"minecraft:deepslate_gold_ore":47,"minecraft:oak_planks":12,"minecraft:diorite":4,"minecraft:wall_torch":1,"minecraft:cauldron":1,"minecraft:yellow_wool":1,"minecraft:wheat":2,"minecraft:coal_ore":44,"minecraft:oak_log":146,"minecraft:oak_fence_gate":1,"minecraft:dripstone_block":14,"minecraft:gravel":10,"minecraft:sand":1,"minecraft:dirt":468,"minecraft:smooth_basalt":3,"minecraft:netherrack":236,"minecraft:oak_leaves":11,"minecraft:deepslate":149},"minecraft:dropped":{"minecraft:water_bucket":1,"minecraft:wheat_seeds":29,"minecraft:diamond_axe":2,"minecraft:dripstone_block":3,"minecraft:cobblestone":2,"minecraft:stick":6,"minecraft:flint":1,"minecraft:dirt":6,"minecraft:torch":1,"minecraft:cornflower":2,"minecraft:iron_pickaxe":3,"minecraft:white_wool":1,"minecraft:dandelion":58,"minecraft:gravel":20,"minecraft:oak_trapdoor":1,"minecraft:cobbled_deepslate":3,"minecraft:tuff":13,"minecraft:pointed_dripstone":23,"minecraft:rotten_flesh":16,"minecraft:azure_bluet":53,"minecraft:potato":1,"minecraft:gunpowder":2,"minecraft:diamond_pickaxe":1,"minecraft:oak_sapling":1,"minecraft:spider_eye":6,"minecraft:bow":1,"minecraft:arrow":13,"minecraft:calcite":3,"minecraft:egg":1}},"DataVersion":3953}