{"stats":{"minecraft:picked_up":{"minecraft:dirt":6},"minecraft:mined":{"minecraft:grass_block":4,"minecraft:dirt":2},"minecraft:used":{"minecraft:dirt":6},"minecraft:custom":{"minecraft:jump":70,"minecraft:open_chest":1,"minecraft:time_since_rest":1921,"minecraft:damage_taken":50,"minecraft:leave_game":2,"minecraft:sprint_one_cm":6616,"minecraft:play_time":1921,"minecraft:time_since_death":1921,"minecraft:walk_on_water_one_cm":460,"minecraft:walk_one_cm":3741,"minecraft:total_world_time":1921,"minecraft:walk_under_water_one_cm":912,"minecraft:fall_one_cm":4601,"minecraft:fly_one_cm":19007}},"DataVersion":3953}