{"stats":{"minecraft:broken":{"minecraft:iron_shovel":1,"minecraft:iron_sword":1,"minecraft:iron_pickaxe":1},"minecraft:crafted":{"minecraft:oak_planks":164,"minecraft:birch_boat":2,"minecraft:oak_pressure_plate":1,"minecraft:cooked_chicken":3,"minecraft:furnace":2,"minecraft:piston":2,"minecraft:diamond_shovel":1,"minecraft:lever":2,"minecraft:cooked_mutton":11,"minecraft:oak_trapdoor":2,"minecraft:spruce_stairs":32,"minecraft:diamond_helmet":1,"minecraft:diamond_leggings":1,"minecraft:bow":1,"minecraft:iron_boots":1,"minecraft:iron_axe":1,"minecraft:ladder":48,"minecraft:stone_pickaxe":1,"minecraft:chest":4,"minecraft:diamond_boots":1,"minecraft:wheat":64,"minecraft:cooked_beef":15,"minecraft:wooden_shovel":1,"minecraft:diamond_sword":1,"minecraft:emerald":6,"minecraft:cooked_porkchop":15,"minecraft:diamond_axe":1,"minecraft:crafting_table":3,"minecraft:spruce_planks":192,"minecraft:wooden_pickaxe":1,"minecraft:iron_helmet":1,"minecraft:iron_sword":2,"minecraft:birch_planks":12,"minecraft:stone_axe":1,"minecraft:bread":23,"minecraft:air":0,"minecraft:oak_boat":1,"minecraft:iron_chestplate":1,"minecraft:diamond_pickaxe":1,"minecraft:shield":2,"minecraft:stick":158,"minecraft:iron_ingot":60,"minecraft:iron_pickaxe":3,"minecraft:wooden_axe":1,"minecraft:iron_block":3,"minecraft:stone_sword":1,"minecraft:iron_shovel":2,"minecraft:iron_leggings":1,"minecraft:anvil":1,"minecraft:white_bed":1,"minecraft:diamond_chestplate":1},"minecraft:picked_up":{"minecraft:iron_chestplate":2,"minecraft:crafting_table":13,"minecraft:ladder":15,"minecraft:chicken":20,"minecraft:anvil":3,"minecraft:diamond_sword":2,"minecraft:wooden_pickaxe":1,"minecraft:shield":1,"minecraft:string":66,"minecraft:oak_trapdoor":13,"minecraft:iron_leggings":4,"minecraft:iron_shovel":1,"minecraft:gold_nugget":24,"minecraft:cobbled_deepslate":111,"minecraft:spruce_planks":9,"minecraft:beef":15,"minecraft:oak_boat":1,"minecraft:poppy":1,"minecraft:light_gray_wool":1,"minecraft:wooden_shovel":1,"minecraft:iron_pickaxe":1,"minecraft:sugar_cane":1,"minecraft:piston":3,"minecraft:furnace":9,"minecraft:iron_boots":4,"minecraft:stick":131,"minecraft:raw_iron":221,"minecraft:spruce_stairs":1,"minecraft:torch":3,"minecraft:porkchop":40,"minecraft:pointed_dripstone":14,"minecraft:diorite":24,"minecraft:redstone":94,"minecraft:rotten_flesh":40,"minecraft:arrow":26,"minecraft:diamond_chestplate":1,"minecraft:hay_block":23,"minecraft:obsidian":2,"minecraft:mutton":56,"minecraft:white_wool":25,"minecraft:rail":4,"minecraft:cobblestone":716,"minecraft:birch_log":3,"minecraft:feather":6,"minecraft:andesite":2,"minecraft:leather":7,"minecraft:brown_wool":1,"minecraft:oak_log":41,"minecraft:gunpowder":29,"minecraft:blue_bed":3,"minecraft:dirt":295,"minecraft:cooked_mutton":5,"minecraft:bone":69,"minecraft:bow":1,"minecraft:wheat_seeds":12,"minecraft:raw_gold":3,"minecraft:iron_ingot":10,"minecraft:cooked_chicken":2,"minecraft:iron_sword":2,"minecraft:oak_planks":117,"minecraft:cooked_porkchop":11,"minecraft:sweet_berries":63,"minecraft:quartz":31,"minecraft:oak_pressure_plate":3,"minecraft:dripstone_block":17,"minecraft:gravel":14,"minecraft:sand":89,"minecraft:stripped_spruce_log":1,"minecraft:white_bed":3,"minecraft:spruce_log":48,"minecraft:spider_eye":8,"minecraft:diamond":110,"minecraft:lever":6,"minecraft:iron_helmet":11,"minecraft:granite":3,"minecraft:golden_apple":1,"minecraft:netherrack":1,"minecraft:black_wool":1,"minecraft:coal":368},"minecraft:mined":{"minecraft:nether_gold_ore":8,"minecraft:spruce_planks":9,"minecraft:white_bed":3,"minecraft:deepslate_diamond_ore":65,"minecraft:ladder":15,"minecraft:obsidian":2,"minecraft:granite":36,"minecraft:grass_block":185,"minecraft:redstone_wire":7,"minecraft:oak_pressure_plate":1,"minecraft:spruce_leaves":32,"minecraft:spawner":4,"minecraft:large_fern":24,"minecraft:hay_block":26,"minecraft:oak_trapdoor":3,"minecraft:furnace":9,"minecraft:cobbled_deepslate":3,"minecraft:iron_ore":123,"minecraft:fire":4,"minecraft:andesite":1,"minecraft:stripped_spruce_log":1,"minecraft:anvil":2,"minecraft:pointed_dripstone":9,"minecraft:deepslate_iron_ore":19,"minecraft:stone":725,"minecraft:tripwire":1,"minecraft:deepslate_redstone_ore":8,"minecraft:crafting_table":12,"minecraft:torch":3,"minecraft:short_grass":33,"minecraft:calcite":4,"minecraft:copper_ore":1,"minecraft:nether_quartz_ore":31,"minecraft:tall_grass":7,"minecraft:cobblestone":45,"minecraft:deepslate_gold_ore":3,"minecraft:oak_planks":31,"minecraft:blue_bed":3,"minecraft:diorite":29,"minecraft:spruce_stairs":1,"minecraft:birch_log":3,"minecraft:sweet_berry_bush":29,"minecraft:spruce_log":43,"minecraft:oak_log":41,"minecraft:coal_ore":147,"minecraft:sand":91,"minecraft:gravel":3,"minecraft:dripstone_block":13,"minecraft:dirt":264,"minecraft:cobweb":44,"minecraft:smooth_basalt":6,"minecraft:netherrack":14,"minecraft:fern":17,"minecraft:piston":3,"minecraft:oak_leaves":6,"minecraft:deepslate":113},"minecraft:custom":{"minecraft:interact_with_anvil":8,"minecraft:mob_kills":184,"minecraft:interact_with_crafting_table":57,"minecraft:bell_ring":19,"minecraft:leave_game":5,"minecraft:time_since_death":490630,"minecraft:climb_one_cm":8498,"minecraft:sprint_one_cm":1556951,"minecraft:walk_one_cm":1022915,"minecraft:damage_blocked_by_shield":3076,"minecraft:drop":131,"minecraft:talked_to_villager":3,"minecraft:play_time":490630,"minecraft:sneak_time":28965,"minecraft:walk_under_water_one_cm":58514,"minecraft:boat_one_cm":273538,"minecraft:jump":5230,"minecraft:walk_on_water_one_cm":135487,"minecraft:enchant_item":7,"minecraft:total_world_time":490630,"minecraft:interact_with_furnace":36,"minecraft:traded_with_villager":7,"minecraft:interact_with_grindstone":1,"minecraft:sleep_in_bed":13,"minecraft:time_since_rest":6886,"minecraft:damage_taken":4026,"minecraft:damage_dealt":29794,"minecraft:fly_one_cm":509304,"minecraft:swim_one_cm":82295,"minecraft:open_chest":40,"minecraft:crouch_one_cm":46177,"minecraft:fall_one_cm":107177},"minecraft:dropped":{"minecraft:iron_sword":2,"minecraft:stripped_spruce_log":1,"minecraft:birch_planks":2,"minecraft:wheat_seeds":6,"minecraft:oak_pressure_plate":2,"minecraft:cooked_beef":1,"minecraft:dripstone_block":17,"minecraft:cooked_porkchop":4,"minecraft:feather":4,"minecraft:iron_helmet":11,"minecraft:cobblestone":163,"minecraft:leather":7,"minecraft:granite":3,"minecraft:saddle":3,"minecraft:rail":4,"minecraft:stick":80,"minecraft:dirt":178,"minecraft:diorite":7,"minecraft:brown_wool":1,"minecraft:iron_leggings":4,"minecraft:iron_pickaxe":3,"minecraft:iron_shovel":1,"minecraft:white_wool":10,"minecraft:bone":43,"minecraft:redstone":1,"minecraft:gravel":4,"minecraft:anvil":1,"minecraft:sugar_cane":1,"minecraft:oak_trapdoor":10,"minecraft:cooked_chicken":4,"minecraft:wheat":2,"minecraft:raw_iron":19,"minecraft:chicken":10,"minecraft:rotten_flesh":12,"minecraft:oak_planks":132,"minecraft:iron_boots":4,"minecraft:diamond_sword":1,"minecraft:shield":2,"minecraft:iron_chestplate":2,"minecraft:andesite":1,"minecraft:wooden_shovel":2,"minecraft:spider_eye":1,"minecraft:spruce_log":7,"minecraft:birch_boat":1,"minecraft:arrow":5,"minecraft:raw_gold":3,"minecraft:wooden_pickaxe":1,"minecraft:bow":2,"minecraft:black_wool":1},"minecraft:killed":{"minecraft:cave_spider":10,"minecraft:spider":17,"minecraft:skeleton":30,"minecraft:chicken":8,"minecraft:drowned":1,"minecraft:pig":19,"minecraft:zombie_villager":2,"minecraft:iron_golem":1,"minecraft:creeper":5,"minecraft:sheep":20,"minecraft:zombie":60,"minecraft:cow":7},"minecraft:used":{"minecraft:oak_trapdoor":3,"minecraft:stone_sword":28,"minecraft:iron_shovel":319,"minecraft:flint_and_steel":2,"minecraft:redstone":34,"minecraft:ladder":48,"minecraft:spruce_planks":63,"minecraft:chest":4,"minecraft:shield":82,"minecraft:iron_sword":350,"minecraft:cooked_chicken":1,"minecraft:rotten_flesh":10,"minecraft:iron_chestplate":1,"minecraft:torch":24,"minecraft:anvil":3,"minecraft:dirt":72,"minecraft:mutton":9,"minecraft:spruce_stairs":33,"minecraft:diamond_helmet":2,"minecraft:golden_chestplate":3,"minecraft:wooden_axe":7,"minecraft:iron_axe":64,"minecraft:iron_helmet":1,"minecraft:diamond_chestplate":4,"minecraft:bow":13,"minecraft:furnace":11,"minecraft:cooked_beef":14,"minecraft:cobbled_deepslate":111,"minecraft:cooked_mutton":16,"minecraft:water_bucket":82,"minecraft:diorite":14,"minecraft:diamond_boots":1,"minecraft:stone_pickaxe":78,"minecraft:oak_planks":116,"minecraft:birch_boat":1,"minecraft:wooden_pickaxe":18,"minecraft:blue_bed":3,"minecraft:diamond_axe":50,"minecraft:white_wool":2,"minecraft:glow_berries":4,"minecraft:sand":86,"minecraft:crafting_table":16,"minecraft:white_bed":4,"minecraft:spruce_log":1,"minecraft:piston":5,"minecraft:lever":8,"minecraft:diamond_pickaxe":656,"minecraft:diamond_shovel":150,"minecraft:bread":22,"minecraft:string":2,"minecraft:iron_pickaxe":694,"minecraft:oak_pressure_plate":1,"minecraft:gravel":1,"minecraft:stone_axe":63,"minecraft:diamond_sword":329,"minecraft:cobblestone":580,"minecraft:porkchop":4,"minecraft:cooked_porkchop":22,"minecraft:bucket":83,"minecraft:andesite":1,"minecraft:oak_boat":2}},"DataVersion":3953}