{"stats":{"minecraft:dropped":{"minecraft:iron_sword":2,"minecraft:birch_planks":2,"minecraft:diamond_axe":1,"minecraft:oak_pressure_plate":2,"minecraft:cooked_beef":1,"minecraft:diamond":1,"minecraft:cooked_porkchop":4,"minecraft:leather":7,"minecraft:saddle":3,"minecraft:rail":4,"minecraft:dirt":232,"minecraft:iron_pickaxe":3,"minecraft:white_wool":10,"minecraft:bone":43,"minecraft:gravel":13,"minecraft:sugar_cane":2,"minecraft:cooked_chicken":4,"minecraft:cobbled_deepslate":55,"minecraft:wheat":2,"minecraft:rotten_flesh":26,"minecraft:oak_planks":137,"minecraft:poppy":1,"minecraft:arrow":5,"minecraft:written_book":1,"minecraft:bread":19,"minecraft:stripped_spruce_log":1,"minecraft:wheat_seeds":6,"minecraft:dripstone_block":17,"minecraft:iron_helmet":11,"minecraft:feather":4,"minecraft:cobblestone":617,"minecraft:apple":1,"minecraft:granite":10,"minecraft:grass_block":1,"minecraft:coal":1,"minecraft:golden_apple":1,"minecraft:stick":80,"minecraft:diorite":7,"minecraft:brown_wool":1,"minecraft:iron_leggings":4,"minecraft:iron_shovel":1,"minecraft:string":64,"minecraft:spruce_sapling":1,"minecraft:redstone":213,"minecraft:anvil":1,"minecraft:oak_trapdoor":10,"minecraft:raw_iron":26,"minecraft:chicken":10,"minecraft:iron_boots":4,"minecraft:diamond_sword":1,"minecraft:shield":2,"minecraft:iron_chestplate":2,"minecraft:diamond_pickaxe":1,"minecraft:andesite":1,"minecraft:wooden_shovel":2,"minecraft:spider_eye":1,"minecraft:spruce_log":7,"minecraft:birch_boat":1,"minecraft:bow":2,"minecraft:wooden_pickaxe":1,"minecraft:raw_gold":3,"minecraft:black_wool":1},"minecraft:mined":{"minecraft:spruce_planks":17,"minecraft:white_bed":4,"minecraft:obsidian":2,"minecraft:granite":36,"minecraft:grass_block":211,"minecraft:oak_pressure_plate":1,"minecraft:spawner":4,"minecraft:iron_ore":126,"minecraft:cobbled_deepslate":3,"minecraft:fire":4,"minecraft:anvil":4,"minecraft:pointed_dripstone":9,"minecraft:tripwire":1,"minecraft:deepslate_redstone_ore":57,"minecraft:torch":3,"minecraft:calcite":4,"minecraft:chest":8,"minecraft:nether_quartz_ore":31,"minecraft:cobblestone":54,"minecraft:oak_planks":31,"minecraft:wall_torch":2,"minecraft:birch_log":3,"minecraft:oak_log":50,"minecraft:sand":91,"minecraft:dirt":282,"minecraft:smooth_basalt":6,"minecraft:netherrack":14,"minecraft:piston":3,"minecraft:oak_leaves":10,"minecraft:deepslate":157,"minecraft:nether_gold_ore":8,"minecraft:deepslate_diamond_ore":85,"minecraft:ladder":15,"minecraft:redstone_wire":7,"minecraft:spruce_leaves":33,"minecraft:large_fern":25,"minecraft:hay_block":42,"minecraft:redstone_ore":9,"minecraft:oak_trapdoor":3,"minecraft:furnace":13,"minecraft:andesite":2,"minecraft:stripped_spruce_log":1,"minecraft:deepslate_iron_ore":21,"minecraft:stone":2272,"minecraft:spruce_door":2,"minecraft:crafting_table":15,"minecraft:short_grass":34,"minecraft:tall_grass":7,"minecraft:copper_ore":13,"minecraft:deepslate_gold_ore":6,"minecraft:diorite":29,"minecraft:blue_bed":5,"minecraft:spruce_stairs":1,"minecraft:purple_bed":1,"minecraft:sweet_berry_bush":29,"minecraft:spruce_log":44,"minecraft:coal_ore":236,"minecraft:gravel":12,"minecraft:dripstone_block":13,"minecraft:cobweb":44,"minecraft:fern":18},"minecraft:picked_up":{"minecraft:iron_chestplate":3,"minecraft:wheat":2,"minecraft:anvil":5,"minecraft:diamond_sword":2,"minecraft:amethyst_block":2,"minecraft:string":212,"minecraft:raw_copper":19,"minecraft:iron_leggings":4,"minecraft:gold_nugget":48,"minecraft:cobbled_deepslate":288,"minecraft:spruce_planks":17,"minecraft:wooden_shovel":1,"minecraft:iron_pickaxe":1,"minecraft:furnace":13,"minecraft:iron_boots":6,"minecraft:stick":151,"minecraft:torch":3,"minecraft:spruce_stairs":1,"minecraft:porkchop":40,"minecraft:pointed_dripstone":14,"minecraft:diorite":24,"minecraft:golden_chestplate":1,"minecraft:rotten_flesh":67,"minecraft:obsidian":2,"minecraft:cobblestone":2751,"minecraft:birch_log":3,"minecraft:feather":6,"minecraft:magma_cream":2,"minecraft:water_bucket":1,"minecraft:andesite":2,"minecraft:brown_wool":1,"minecraft:tuff":14,"minecraft:lapis_lazuli":31,"minecraft:dirt":416,"minecraft:bone":138,"minecraft:bow":1,"minecraft:stonecutter":1,"minecraft:wheat_seeds":18,"minecraft:raw_gold":9,"minecraft:grindstone":2,"minecraft:oak_planks":119,"minecraft:stone_hoe":1,"minecraft:cooked_porkchop":18,"minecraft:oak_pressure_plate":3,"minecraft:sand":109,"minecraft:stripped_spruce_log":1,"minecraft:grass_block":2,"minecraft:sugar":1,"minecraft:diamond":144,"minecraft:lever":6,"minecraft:granite":3,"minecraft:golden_apple":1,"minecraft:emerald":5,"minecraft:bread":19,"minecraft:netherrack":1,"minecraft:diamond_pickaxe":1,"minecraft:crafting_table":16,"minecraft:chicken":20,"minecraft:ladder":15,"minecraft:wooden_pickaxe":1,"minecraft:shield":1,"minecraft:oak_trapdoor":14,"minecraft:iron_axe":1,"minecraft:flint_and_steel":1,"minecraft:iron_shovel":2,"minecraft:beef":15,"minecraft:oak_boat":5,"minecraft:light_gray_wool":1,"minecraft:poppy":4,"minecraft:minecart":1,"minecraft:sugar_cane":3,"minecraft:chest":7,"minecraft:piston":3,"minecraft:raw_iron":230,"minecraft:copper_ingot":1,"minecraft:redstone":576,"minecraft:arrow":26,"minecraft:diamond_chestplate":2,"minecraft:hay_block":39,"minecraft:mutton":56,"minecraft:white_wool":40,"minecraft:rail":4,"minecraft:leather":13,"minecraft:oak_log":50,"minecraft:gunpowder":29,"minecraft:blue_bed":6,"minecraft:cooked_mutton":5,"minecraft:apple":1,"minecraft:iron_ingot":30,"minecraft:cooked_chicken":2,"minecraft:iron_sword":2,"minecraft:sweet_berries":63,"minecraft:quartz":62,"minecraft:dripstone_block":17,"minecraft:gravel":23,"minecraft:spruce_sapling":2,"minecraft:white_bed":4,"minecraft:spruce_log":49,"minecraft:spruce_door":2,"minecraft:spider_eye":10,"minecraft:pumpkin_seeds":3,"minecraft:purple_bed":1,"minecraft:slime_ball":10,"minecraft:iron_helmet":12,"minecraft:diamond_axe":1,"minecraft:black_wool":1,"minecraft:coal":513},"minecraft:used":{"minecraft:iron_shovel":319,"minecraft:ladder":48,"minecraft:chest":8,"minecraft:shield":113,"minecraft:iron_sword":350,"minecraft:rotten_flesh":10,"minecraft:iron_chestplate":1,"minecraft:mutton":9,"minecraft:spruce_boat":1,"minecraft:lava_bucket":1,"minecraft:iron_helmet":1,"minecraft:bow":13,"minecraft:hay_block":4,"minecraft:furnace":12,"minecraft:potato":8,"minecraft:diorite":14,"minecraft:diamond_boots":2,"minecraft:stone_pickaxe":78,"minecraft:oak_planks":116,"minecraft:wooden_pickaxe":18,"minecraft:blue_bed":5,"minecraft:diamond_axe":91,"minecraft:white_wool":2,"minecraft:glow_berries":4,"minecraft:sand":86,"minecraft:lever":8,"minecraft:bread":43,"minecraft:string":2,"minecraft:oak_pressure_plate":1,"minecraft:gravel":1,"minecraft:diamond_sword":424,"minecraft:grindstone":2,"minecraft:andesite":1,"minecraft:oak_boat":2,"minecraft:oak_trapdoor":3,"minecraft:stone_sword":28,"minecraft:flint_and_steel":2,"minecraft:redstone":34,"minecraft:spruce_planks":63,"minecraft:cooked_chicken":1,"minecraft:torch":24,"minecraft:dirt":100,"minecraft:anvil":5,"minecraft:spruce_stairs":33,"minecraft:diamond_helmet":3,"minecraft:golden_chestplate":3,"minecraft:wooden_axe":7,"minecraft:iron_axe":64,"minecraft:diamond_chestplate":5,"minecraft:cooked_beef":14,"minecraft:cobbled_deepslate":115,"minecraft:cooked_mutton":16,"minecraft:water_bucket":110,"minecraft:birch_boat":1,"minecraft:crafting_table":18,"minecraft:white_bed":4,"minecraft:spruce_log":1,"minecraft:piston":5,"minecraft:diamond_pickaxe":2454,"minecraft:apple":6,"minecraft:diamond_shovel":176,"minecraft:iron_pickaxe":694,"minecraft:stone_axe":63,"minecraft:cobblestone":606,"minecraft:cooked_porkchop":27,"minecraft:porkchop":7,"minecraft:bucket":113,"minecraft:diamond_leggings":1},"minecraft:killed":{"minecraft:cave_spider":10,"minecraft:spider":20,"minecraft:skeleton":41,"minecraft:chicken":8,"minecraft:pig":19,"minecraft:zombie_villager":2,"minecraft:iron_golem":2,"minecraft:creeper":5,"minecraft:sheep":20,"minecraft:pillager":1,"minecraft:zombie":72,"minecraft:cow":7,"minecraft:slime":12,"minecraft:drowned":1},"minecraft:killed_by":{"minecraft:piglin":1,"minecraft:skeleton":1},"minecraft:custom":{"minecraft:interact_with_crafting_table":64,"minecraft:bell_ring":19,"minecraft:leave_game":6,"minecraft:time_since_death":89460,"minecraft:sprint_one_cm":2088725,"minecraft:damage_blocked_by_shield":4308,"minecraft:drop":174,"minecraft:talked_to_villager":4,"minecraft:play_time":653123,"minecraft:deaths":5,"minecraft:jump":7836,"minecraft:walk_on_water_one_cm":212359,"minecraft:enchant_item":7,"minecraft:interact_with_furnace":37,"minecraft:traded_with_villager":7,"minecraft:sleep_in_bed":13,"minecraft:damage_dealt":36354,"minecraft:crouch_one_cm":48123,"minecraft:interact_with_anvil":12,"minecraft:mob_kills":226,"minecraft:climb_one_cm":12243,"minecraft:walk_one_cm":1470528,"minecraft:sneak_time":31627,"minecraft:walk_under_water_one_cm":108818,"minecraft:boat_one_cm":279934,"minecraft:total_world_time":653123,"minecraft:interact_with_grindstone":2,"minecraft:time_since_rest":8711,"minecraft:damage_taken":6167,"minecraft:swim_one_cm":95842,"minecraft:fly_one_cm":828045,"minecraft:open_chest":64,"minecraft:fall_one_cm":172130},"minecraft:crafted":{"minecraft:oak_planks":200,"minecraft:oak_pressure_plate":1,"minecraft:birch_boat":2,"minecraft:cooked_chicken":3,"minecraft:lever":2,"minecraft:diamond_shovel":1,"minecraft:cooked_mutton":11,"minecraft:diamond_leggings":1,"minecraft:diamond_helmet":1,"minecraft:bow":1,"minecraft:iron_boots":1,"minecraft:chest":7,"minecraft:wooden_shovel":1,"minecraft:emerald":6,"minecraft:cooked_porkchop":19,"minecraft:diamond_axe":1,"minecraft:crafting_table":4,"minecraft:spruce_planks":196,"minecraft:wooden_pickaxe":1,"minecraft:iron_helmet":1,"minecraft:birch_planks":12,"minecraft:iron_chestplate":1,"minecraft:diamond_pickaxe":1,"minecraft:shield":2,"minecraft:stick":158,"minecraft:iron_ingot":60,"minecraft:iron_pickaxe":3,"minecraft:iron_block":3,"minecraft:stone_sword":1,"minecraft:furnace":2,"minecraft:piston":2,"minecraft:oak_trapdoor":2,"minecraft:spruce_stairs":32,"minecraft:iron_axe":1,"minecraft:ladder":48,"minecraft:stone_pickaxe":1,"minecraft:diamond_boots":1,"minecraft:spruce_boat":1,"minecraft:wheat":172,"minecraft:cooked_beef":15,"minecraft:diamond_sword":1,"minecraft:iron_sword":2,"minecraft:bucket":1,"minecraft:stone_axe":1,"minecraft:bread":55,"minecraft:air":0,"minecraft:oak_boat":1,"minecraft:wooden_axe":1,"minecraft:iron_shovel":2,"minecraft:iron_leggings":1,"minecraft:anvil":1,"minecraft:white_bed":1,"minecraft:diamond_chestplate":1},"minecraft:broken":{"minecraft:iron_shovel":1,"minecraft:iron_sword":1,"minecraft:iron_pickaxe":1}},"DataVersion":3953}