{"stats":{"minecraft:broken":{"minecraft:stone_pickaxe":2,"minecraft:diamond_pickaxe":1,"minecraft:iron_axe":1,"minecraft:stone_axe":1,"minecraft:iron_pickaxe":2,"minecraft:wooden_axe":1},"minecraft:crafted":{"minecraft:oak_planks":240,"minecraft:smooth_stone":8,"minecraft:raw_iron":9,"minecraft:cooked_chicken":6,"minecraft:birch_slab":174,"minecraft:furnace":5,"minecraft:blast_furnace":3,"minecraft:cobblestone_stairs":36,"minecraft:stone":9,"minecraft:diamond_shovel":1,"minecraft:bookshelf":15,"minecraft:cooked_mutton":27,"minecraft:flint_and_steel":1,"minecraft:diamond_helmet":2,"minecraft:diamond_leggings":2,"minecraft:iron_boots":1,"minecraft:iron_axe":1,"minecraft:iron_hoe":2,"minecraft:slime_ball":9,"minecraft:stone_pickaxe":2,"minecraft:chest":23,"minecraft:cobbled_deepslate_stairs":36,"minecraft:diamond_boots":2,"minecraft:smoker":2,"minecraft:wheat":45,"minecraft:golden_boots":2,"minecraft:cooked_beef":52,"minecraft:cooked_porkchop":51,"minecraft:diamond_axe":3,"minecraft:spruce_planks":128,"minecraft:crafting_table":3,"minecraft:enchanting_table":1,"minecraft:wooden_pickaxe":1,"minecraft:iron_helmet":1,"minecraft:birch_planks":88,"minecraft:bucket":4,"minecraft:glowstone":11,"minecraft:stone_axe":1,"minecraft:bread":22,"minecraft:air":0,"minecraft:paper":144,"minecraft:book":48,"minecraft:iron_chestplate":1,"minecraft:diamond_pickaxe":4,"minecraft:charcoal":6,"minecraft:shield":2,"minecraft:stick":64,"minecraft:iron_ingot":197,"minecraft:iron_pickaxe":1,"minecraft:wooden_axe":1,"minecraft:stone_sword":1,"minecraft:gold_ingot":125,"minecraft:iron_leggings":1,"minecraft:white_bed":7,"minecraft:torch":72,"minecraft:diamond_chestplate":2},"minecraft:picked_up":{"minecraft:charcoal":2,"minecraft:crafting_table":9,"minecraft:wheat":46,"minecraft:azure_bluet":10,"minecraft:splash_potion":1,"minecraft:chicken":12,"minecraft:brown_mushroom":2,"minecraft:wooden_pickaxe":1,"minecraft:enchanted_book":1,"minecraft:potion":3,"minecraft:nether_brick":13,"minecraft:golden_sword":1,"minecraft:amethyst_block":7,"minecraft:string":23,"minecraft:raw_copper":178,"minecraft:blackstone":27,"minecraft:beetroot":6,"minecraft:smooth_stone":1,"minecraft:gold_nugget":91,"minecraft:cobbled_deepslate":757,"minecraft:beef":70,"minecraft:calcite":5,"minecraft:iron_nugget":39,"minecraft:light_gray_wool":2,"minecraft:sugar_cane":565,"minecraft:chest":4,"minecraft:iron_boots":1,"minecraft:furnace":7,"minecraft:stick":10,"minecraft:raw_iron":186,"minecraft:oak_fence":28,"minecraft:torch":4,"minecraft:fire_charge":3,"minecraft:porkchop":67,"minecraft:pointed_dripstone":20,"minecraft:diorite":72,"minecraft:carrot":244,"minecraft:redstone":76,"minecraft:arrow":21,"minecraft:rotten_flesh":58,"minecraft:beetroot_seeds":18,"minecraft:hay_block":5,"minecraft:gold_ingot":108,"minecraft:mutton":29,"minecraft:obsidian":11,"minecraft:rail":2,"minecraft:white_wool":15,"minecraft:cobblestone":767,"minecraft:oxeye_daisy":1,"minecraft:stripped_oak_log":1,"minecraft:birch_log":22,"minecraft:cooked_beef":1,"minecraft:feather":16,"minecraft:lilac":1,"minecraft:water_bucket":1,"minecraft:glow_ink_sac":4,"minecraft:birch_slab":1,"minecraft:andesite":12,"minecraft:brown_wool":2,"minecraft:leather":70,"minecraft:smoker":1,"minecraft:potato":10,"minecraft:cobbled_deepslate_stairs":1,"minecraft:flint":3,"minecraft:tuff":107,"minecraft:oak_log":161,"minecraft:nether_wart_block":1,"minecraft:yellow_bed":3,"minecraft:gunpowder":10,"minecraft:cobblestone_stairs":3,"minecraft:lapis_lazuli":81,"minecraft:dirt":401,"minecraft:bone":16,"minecraft:bow":2,"minecraft:wheat_seeds":90,"minecraft:raw_gold":135,"minecraft:oak_fence_gate":1,"minecraft:glowstone_dust":44,"minecraft:oak_planks":30,"minecraft:soul_sand":11,"minecraft:smooth_basalt":3,"minecraft:cooked_porkchop":8,"minecraft:blast_furnace":1,"minecraft:raw_iron_block":1,"minecraft:quartz":57,"minecraft:dandelion":62,"minecraft:dripstone_block":17,"minecraft:gravel":73,"minecraft:amethyst_shard":96,"minecraft:spruce_sapling":3,"minecraft:spruce_log":53,"minecraft:white_bed":1,"minecraft:grass_block":4,"minecraft:crying_obsidian":12,"minecraft:spectral_arrow":37,"minecraft:spider_eye":3,"minecraft:diamond":179,"minecraft:granite":61,"minecraft:diamond_axe":1,"minecraft:bone_meal":3,"minecraft:oak_sapling":11,"minecraft:netherrack":999,"minecraft:coal":294,"minecraft:crimson_roots":2,"minecraft:diamond_pickaxe":1,"minecraft:ender_pearl":8},"minecraft:mined":{"minecraft:nether_gold_ore":25,"minecraft:tuff":107,"minecraft:white_bed":1,"minecraft:farmland":1,"minecraft:deepslate_diamond_ore":179,"minecraft:cobbled_deepslate_stairs":1,"minecraft:cobblestone_stairs":3,"minecraft:obsidian":7,"minecraft:granite":47,"minecraft:grass_block":263,"minecraft:crimson_roots":2,"minecraft:birch_slab":1,"minecraft:spruce_leaves":16,"minecraft:oxeye_daisy":1,"minecraft:large_fern":1,"minecraft:hay_block":5,"minecraft:tall_seagrass":1,"minecraft:raw_iron_block":1,"minecraft:glowstone":14,"minecraft:carrots":64,"minecraft:furnace":7,"minecraft:fire":15,"minecraft:iron_ore":132,"minecraft:cobbled_deepslate":25,"minecraft:andesite":23,"minecraft:deepslate_lapis_ore":13,"minecraft:azure_bluet":10,"minecraft:potatoes":3,"minecraft:pointed_dripstone":3,"minecraft:dirt_path":18,"minecraft:deepslate_iron_ore":52,"minecraft:stripped_oak_log":1,"minecraft:stone":584,"minecraft:tripwire":3,"minecraft:deepslate_redstone_ore":17,"minecraft:smoker":1,"minecraft:crimson_nylium":26,"minecraft:amethyst_cluster":24,"minecraft:dandelion":35,"minecraft:oak_fence":27,"minecraft:crafting_table":9,"minecraft:torch":1,"minecraft:short_grass":93,"minecraft:blast_furnace":1,"minecraft:calcite":5,"minecraft:chest":4,"minecraft:tall_grass":14,"minecraft:nether_quartz_ore":43,"minecraft:copper_ore":49,"minecraft:cobblestone":34,"minecraft:deepslate_gold_ore":133,"minecraft:lapis_ore":1,"minecraft:oak_planks":32,"minecraft:sugar_cane":402,"minecraft:diorite":72,"minecraft:amethyst_block":7,"minecraft:nether_wart_block":1,"minecraft:birch_log":22,"minecraft:wheat":24,"minecraft:lilac":1,"minecraft:spruce_log":53,"minecraft:yellow_bed":3,"minecraft:coal_ore":145,"minecraft:oak_log":147,"minecraft:beetroots":6,"minecraft:oak_fence_gate":1,"minecraft:gravel":18,"minecraft:dripstone_block":12,"minecraft:dirt":93,"minecraft:smooth_basalt":3,"minecraft:netherrack":987,"minecraft:gold_ore":2,"minecraft:oak_leaves":40,"minecraft:deepslate":730},"minecraft:custom":{"minecraft:mob_kills":163,"minecraft:interact_with_crafting_table":87,"minecraft:bell_ring":9,"minecraft:leave_game":5,"minecraft:time_since_death":136756,"minecraft:climb_one_cm":817,"minecraft:sprint_one_cm":1475961,"minecraft:walk_one_cm":656363,"minecraft:damage_blocked_by_shield":2138,"minecraft:drop":122,"minecraft:talked_to_villager":5,"minecraft:play_time":361385,"minecraft:deaths":1,"minecraft:sneak_time":13359,"minecraft:walk_under_water_one_cm":7581,"minecraft:jump":6540,"minecraft:interact_with_blast_furnace":37,"minecraft:walk_on_water_one_cm":27202,"minecraft:total_world_time":361385,"minecraft:interact_with_furnace":91,"minecraft:sleep_in_bed":38,"minecraft:time_since_rest":14676,"minecraft:damage_taken":5050,"minecraft:damage_dealt":26272,"minecraft:swim_one_cm":55079,"minecraft:fly_one_cm":1170371,"minecraft:open_chest":390,"minecraft:crouch_one_cm":40288,"minecraft:interact_with_smoker":52,"minecraft:fall_one_cm":164973},"minecraft:dropped":{"minecraft:water_bucket":3,"minecraft:golden_boots":1,"minecraft:diamond_axe":1,"minecraft:cooked_beef":9,"minecraft:dripstone_block":9,"minecraft:cooked_porkchop":8,"minecraft:iron_helmet":1,"minecraft:cobblestone":1,"minecraft:leather":24,"minecraft:granite":3,"minecraft:grass_block":1,"minecraft:rail":2,"minecraft:diorite":6,"minecraft:iron_leggings":1,"minecraft:string":1,"minecraft:gold_ingot":102,"minecraft:smooth_basalt":1,"minecraft:cobbled_deepslate":308,"minecraft:tuff":79,"minecraft:rotten_flesh":17,"minecraft:iron_boots":1,"minecraft:glowstone":11,"minecraft:diamond_pickaxe":1,"minecraft:iron_chestplate":1,"minecraft:andesite":3,"minecraft:beetroot_seeds":6,"minecraft:leather_boots":1,"minecraft:calcite":5},"minecraft:killed":{"minecraft:cave_spider":1,"minecraft:zombified_piglin":8,"minecraft:spider":13,"minecraft:phantom":1,"minecraft:skeleton":17,"minecraft:chicken":6,"minecraft:piglin":1,"minecraft:pig":22,"minecraft:hoglin":5,"minecraft:creeper":5,"minecraft:sheep":19,"minecraft:zombie":35,"minecraft:enderman":4,"minecraft:cow":22},"minecraft:used":{"minecraft:beetroot":6,"minecraft:oak_fence":1,"minecraft:enchanting_table":1,"minecraft:flint_and_steel":1,"minecraft:chest":27,"minecraft:shield":56,"minecraft:cooked_chicken":6,"minecraft:netherrack":984,"minecraft:iron_chestplate":2,"minecraft:torch":90,"minecraft:dirt":252,"minecraft:carrot":231,"minecraft:diamond_helmet":2,"minecraft:granite":2,"minecraft:obsidian":11,"minecraft:iron_hoe":229,"minecraft:wooden_axe":40,"minecraft:bookshelf":15,"minecraft:iron_axe":236,"minecraft:iron_helmet":2,"minecraft:iron_boots":2,"minecraft:crimson_roots":1,"minecraft:smooth_basalt":2,"minecraft:diamond_chestplate":2,"minecraft:furnace":7,"minecraft:beetroot_seeds":12,"minecraft:cooked_beef":19,"minecraft:potato":10,"minecraft:cobbled_deepslate":199,"minecraft:golden_boots":3,"minecraft:iron_leggings":2,"minecraft:wheat_seeds":66,"minecraft:cooked_mutton":10,"minecraft:water_bucket":52,"minecraft:diorite":3,"minecraft:diamond_boots":4,"minecraft:cobblestone_stairs":39,"minecraft:stone_pickaxe":262,"minecraft:wooden_pickaxe":4,"minecraft:sugar_cane":115,"minecraft:diamond_axe":316,"minecraft:leather_boots":1,"minecraft:crafting_table":9,"minecraft:blast_furnace":4,"minecraft:white_bed":1,"minecraft:dripstone_block":8,"minecraft:smoker":3,"minecraft:cobbled_deepslate_stairs":37,"minecraft:diamond_pickaxe":2763,"minecraft:diamond_shovel":308,"minecraft:bread":10,"minecraft:birch_slab":53,"minecraft:string":3,"minecraft:iron_pickaxe":500,"minecraft:gravel":8,"minecraft:stone_axe":85,"minecraft:nether_wart_block":1,"minecraft:cobblestone":252,"minecraft:cooked_porkchop":25,"minecraft:bucket":55,"minecraft:yellow_bed":3,"minecraft:bone_meal":57,"minecraft:diamond_leggings":1}},"DataVersion":3953}