{"stats":{"minecraft:dropped":{"minecraft:diamond_axe":1,"minecraft:cooked_beef":9,"minecraft:cooked_porkchop":8,"minecraft:leather":24,"minecraft:rail":2,"minecraft:dirt":6,"minecraft:white_wool":1,"minecraft:gold_ingot":102,"minecraft:gravel":21,"minecraft:cobbled_deepslate":317,"minecraft:rotten_flesh":17,"minecraft:poppy":13,"minecraft:beetroot_seeds":6,"minecraft:glowstone":11,"minecraft:leather_boots":1,"minecraft:netherrack":8,"minecraft:water_bucket":3,"minecraft:golden_boots":1,"minecraft:dripstone_block":14,"minecraft:iron_helmet":1,"minecraft:cobblestone":160,"minecraft:granite":5,"minecraft:grass_block":2,"minecraft:stick":7,"minecraft:diorite":6,"minecraft:iron_leggings":1,"minecraft:string":1,"minecraft:smooth_basalt":1,"minecraft:tuff":79,"minecraft:iron_boots":1,"minecraft:iron_chestplate":1,"minecraft:diamond_pickaxe":2,"minecraft:andesite":20,"minecraft:calcite":7},"minecraft:picked_up":{"minecraft:wheat":46,"minecraft:potion":3,"minecraft:enchanted_book":1,"minecraft:nether_brick":13,"minecraft:golden_sword":1,"minecraft:amethyst_block":7,"minecraft:string":28,"minecraft:raw_copper":178,"minecraft:oak_sign":2,"minecraft:beetroot":6,"minecraft:cobbled_deepslate":1157,"minecraft:gold_nugget":91,"minecraft:smooth_stone":1,"minecraft:spruce_planks":2,"minecraft:calcite":7,"minecraft:iron_boots":1,"minecraft:furnace":7,"minecraft:stick":11,"minecraft:oak_fence":28,"minecraft:torch":4,"minecraft:porkchop":76,"minecraft:pointed_dripstone":20,"minecraft:diorite":122,"minecraft:rotten_flesh":58,"minecraft:music_disc_wait":1,"minecraft:obsidian":11,"minecraft:cobblestone":1594,"minecraft:birch_log":22,"minecraft:lilac":1,"minecraft:feather":16,"minecraft:cooked_beef":1,"minecraft:birch_slab":1,"minecraft:water_bucket":1,"minecraft:andesite":94,"minecraft:brown_wool":2,"minecraft:smoker":1,"minecraft:potato":10,"minecraft:flint":8,"minecraft:tuff":107,"minecraft:dirt":522,"minecraft:lapis_lazuli":202,"minecraft:bone":17,"minecraft:bow":2,"minecraft:wheat_seeds":93,"minecraft:raw_gold":267,"minecraft:glowstone_dust":44,"minecraft:oak_planks":30,"minecraft:cooked_porkchop":8,"minecraft:grass_block":7,"minecraft:spectral_arrow":37,"minecraft:diamond":348,"minecraft:granite":63,"minecraft:bone_meal":3,"minecraft:oak_sapling":13,"minecraft:netherrack":1014,"minecraft:crimson_roots":2,"minecraft:diamond_pickaxe":1,"minecraft:charcoal":2,"minecraft:crafting_table":11,"minecraft:azure_bluet":10,"minecraft:splash_potion":1,"minecraft:chicken":12,"minecraft:brown_mushroom":2,"minecraft:wooden_pickaxe":1,"minecraft:blackstone":27,"minecraft:beef":83,"minecraft:iron_nugget":39,"minecraft:light_gray_wool":2,"minecraft:sugar_cane":565,"minecraft:chest":5,"minecraft:raw_iron":186,"minecraft:fire_charge":3,"minecraft:carrot":731,"minecraft:redstone":498,"minecraft:arrow":24,"minecraft:beetroot_seeds":18,"minecraft:hay_block":5,"minecraft:gold_ingot":108,"minecraft:mutton":32,"minecraft:white_wool":17,"minecraft:rail":2,"minecraft:oxeye_daisy":1,"minecraft:stripped_oak_log":1,"minecraft:glow_ink_sac":4,"minecraft:leather":81,"minecraft:oak_log":213,"minecraft:cobbled_deepslate_stairs":3,"minecraft:yellow_bed":3,"minecraft:nether_wart_block":1,"minecraft:gunpowder":15,"minecraft:cobblestone_stairs":3,"minecraft:iron_ingot":5,"minecraft:oak_fence_gate":1,"minecraft:soul_sand":11,"minecraft:oak_slab":4,"minecraft:smooth_basalt":5,"minecraft:quartz":57,"minecraft:dandelion":62,"minecraft:raw_iron_block":1,"minecraft:dripstone_block":22,"minecraft:gravel":94,"minecraft:amethyst_shard":152,"minecraft:spruce_sapling":3,"minecraft:blast_furnace":1,"minecraft:white_bed":1,"minecraft:spruce_log":53,"minecraft:crying_obsidian":12,"minecraft:spider_eye":3,"minecraft:diamond_axe":1,"minecraft:coal":925,"minecraft:hopper":2,"minecraft:ender_pearl":10},"minecraft:mined":{"minecraft:large_amethyst_bud":2,"minecraft:spruce_planks":2,"minecraft:white_bed":1,"minecraft:farmland":1,"minecraft:cobbled_deepslate_stairs":3,"minecraft:cobblestone_stairs":3,"minecraft:obsidian":7,"minecraft:granite":49,"minecraft:grass_block":282,"minecraft:hopper":2,"minecraft:oak_wall_sign":1,"minecraft:oxeye_daisy":1,"minecraft:tall_seagrass":1,"minecraft:raw_iron_block":1,"minecraft:glowstone":14,"minecraft:iron_ore":132,"minecraft:fire":15,"minecraft:cobbled_deepslate":27,"minecraft:deepslate_lapis_ore":24,"minecraft:azure_bluet":10,"minecraft:pointed_dripstone":3,"minecraft:oak_sign":1,"minecraft:dirt_path":18,"minecraft:tripwire":3,"minecraft:deepslate_redstone_ore":96,"minecraft:crimson_nylium":26,"minecraft:smoker":1,"minecraft:amethyst_cluster":36,"minecraft:torch":1,"minecraft:blast_furnace":1,"minecraft:calcite":24,"minecraft:chest":5,"minecraft:nether_quartz_ore":43,"minecraft:cobblestone":48,"minecraft:sugar_cane":402,"minecraft:oak_planks":32,"minecraft:amethyst_block":12,"minecraft:wheat":24,"minecraft:nether_wart_block":1,"minecraft:birch_log":22,"minecraft:lilac":1,"minecraft:oak_log":199,"minecraft:beetroots":6,"minecraft:oak_fence_gate":1,"minecraft:dirt":199,"minecraft:smooth_basalt":20,"minecraft:netherrack":1002,"minecraft:oak_leaves":46,"minecraft:deepslate":1770,"minecraft:nether_gold_ore":25,"minecraft:diamond_ore":6,"minecraft:tuff":184,"minecraft:deepslate_diamond_ore":342,"minecraft:crimson_roots":2,"minecraft:birch_slab":1,"minecraft:spruce_leaves":17,"minecraft:large_fern":2,"minecraft:hay_block":5,"minecraft:redstone_ore":14,"minecraft:furnace":7,"minecraft:carrots":200,"minecraft:andesite":105,"minecraft:potatoes":3,"minecraft:deepslate_iron_ore":52,"minecraft:stripped_oak_log":1,"minecraft:stone":1374,"minecraft:oak_slab":4,"minecraft:dandelion":35,"minecraft:oak_fence":27,"minecraft:crafting_table":11,"minecraft:short_grass":97,"minecraft:copper_ore":49,"minecraft:tall_grass":14,"minecraft:lapis_ore":9,"minecraft:deepslate_gold_ore":239,"minecraft:diorite":122,"minecraft:ice":1,"minecraft:spruce_log":53,"minecraft:yellow_bed":3,"minecraft:coal_ore":633,"minecraft:gravel":70,"minecraft:dripstone_block":18,"minecraft:gold_ore":25},"minecraft:used":{"minecraft:beetroot":6,"minecraft:oak_sign":4,"minecraft:chest":36,"minecraft:shield":58,"minecraft:iron_chestplate":2,"minecraft:carrot":447,"minecraft:obsidian":11,"minecraft:iron_helmet":2,"minecraft:crimson_roots":1,"minecraft:written_book":3,"minecraft:furnace":10,"minecraft:beetroot_seeds":12,"minecraft:potato":10,"minecraft:golden_boots":4,"minecraft:diorite":3,"minecraft:diamond_boots":5,"minecraft:stone_pickaxe":262,"minecraft:wooden_pickaxe":4,"minecraft:diamond_axe":453,"minecraft:sugar_cane":115,"minecraft:blast_furnace":4,"minecraft:dripstone_block":8,"minecraft:cobbled_deepslate_stairs":39,"minecraft:birch_slab":65,"minecraft:bread":10,"minecraft:string":3,"minecraft:gravel":8,"minecraft:nether_wart_block":1,"minecraft:andesite":3,"minecraft:bone_meal":57,"minecraft:oak_fence":1,"minecraft:enchanting_table":1,"minecraft:flint_and_steel":1,"minecraft:spruce_planks":2,"minecraft:cooked_chicken":6,"minecraft:netherrack":991,"minecraft:torch":90,"minecraft:dirt":294,"minecraft:hopper":4,"minecraft:diamond_helmet":2,"minecraft:granite":2,"minecraft:iron_hoe":229,"minecraft:wooden_axe":40,"minecraft:bookshelf":15,"minecraft:iron_axe":236,"minecraft:iron_boots":2,"minecraft:smooth_basalt":2,"minecraft:diamond_chestplate":2,"minecraft:cooked_beef":19,"minecraft:cobbled_deepslate":342,"minecraft:iron_leggings":2,"minecraft:wheat_seeds":66,"minecraft:cooked_mutton":10,"minecraft:water_bucket":62,"minecraft:cobblestone_stairs":39,"minecraft:leather_boots":1,"minecraft:crafting_table":12,"minecraft:white_bed":1,"minecraft:smoker":3,"minecraft:diamond_pickaxe":5878,"minecraft:diamond_shovel":308,"minecraft:iron_pickaxe":500,"minecraft:stone_axe":85,"minecraft:cobblestone":403,"minecraft:cooked_porkchop":25,"minecraft:bucket":66,"minecraft:yellow_bed":3,"minecraft:diamond_leggings":1},"minecraft:killed":{"minecraft:cave_spider":1,"minecraft:zombified_piglin":8,"minecraft:spider":18,"minecraft:skeleton":19,"minecraft:chicken":6,"minecraft:piglin":1,"minecraft:pig":27,"minecraft:iron_golem":1,"minecraft:creeper":7,"minecraft:sheep":21,"minecraft:zombie":38,"minecraft:cow":30,"minecraft:phantom":1,"minecraft:hoglin":5,"minecraft:enderman":6},"minecraft:custom":{"minecraft:interact_with_crafting_table":106,"minecraft:bell_ring":9,"minecraft:leave_game":5,"minecraft:time_since_death":255949,"minecraft:sprint_one_cm":1787846,"minecraft:damage_blocked_by_shield":2228,"minecraft:drop":141,"minecraft:talked_to_villager":5,"minecraft:play_time":480578,"minecraft:deaths":1,"minecraft:jump":8296,"minecraft:walk_on_water_one_cm":41177,"minecraft:enchant_item":3,"minecraft:interact_with_furnace":97,"minecraft:sleep_in_bed":39,"minecraft:damage_dealt":31898,"minecraft:crouch_one_cm":50494,"minecraft:interact_with_smoker":62,"minecraft:interact_with_anvil":1,"minecraft:mob_kills":194,"minecraft:inspect_hopper":9,"minecraft:climb_one_cm":1287,"minecraft:walk_one_cm":823937,"minecraft:sneak_time":19594,"minecraft:walk_under_water_one_cm":9722,"minecraft:interact_with_blast_furnace":56,"minecraft:total_world_time":480578,"minecraft:time_since_rest":14596,"minecraft:damage_taken":5612,"minecraft:swim_one_cm":57653,"minecraft:fly_one_cm":1460875,"minecraft:open_chest":504,"minecraft:fall_one_cm":199252},"minecraft:crafted":{"minecraft:smooth_stone":8,"minecraft:oak_planks":312,"minecraft:cooked_chicken":6,"minecraft:birch_slab":174,"minecraft:stone":9,"minecraft:cobblestone_stairs":36,"minecraft:diamond_shovel":1,"minecraft:bookshelf":15,"minecraft:cooked_mutton":27,"minecraft:hopper":2,"minecraft:diamond_helmet":2,"minecraft:diamond_leggings":2,"minecraft:iron_boots":1,"minecraft:chest":33,"minecraft:golden_boots":2,"minecraft:smoker":2,"minecraft:cooked_porkchop":51,"minecraft:diamond_axe":3,"minecraft:crafting_table":4,"minecraft:spruce_planks":128,"minecraft:wooden_pickaxe":1,"minecraft:iron_helmet":1,"minecraft:copper_ingot":133,"minecraft:gold_block":26,"minecraft:birch_planks":88,"minecraft:diamond_pickaxe":8,"minecraft:iron_chestplate":1,"minecraft:book":48,"minecraft:paper":144,"minecraft:charcoal":6,"minecraft:shield":2,"minecraft:stick":72,"minecraft:iron_ingot":197,"minecraft:iron_pickaxe":1,"minecraft:stone_sword":1,"minecraft:gold_ingot":242,"minecraft:raw_iron":9,"minecraft:furnace":8,"minecraft:blast_furnace":3,"minecraft:diamond_block":33,"minecraft:flint_and_steel":1,"minecraft:diamond":9,"minecraft:iron_axe":1,"minecraft:iron_hoe":2,"minecraft:slime_ball":9,"minecraft:stone_pickaxe":2,"minecraft:diamond_boots":2,"minecraft:cobbled_deepslate_stairs":36,"minecraft:redstone_block":72,"minecraft:wheat":45,"minecraft:cooked_beef":52,"minecraft:coal_block":15,"minecraft:enchanting_table":1,"minecraft:bucket":5,"minecraft:stone_axe":1,"minecraft:glowstone":11,"minecraft:bread":22,"minecraft:air":0,"minecraft:wooden_axe":1,"minecraft:iron_leggings":1,"minecraft:white_bed":7,"minecraft:torch":72,"minecraft:lapis_block":21,"minecraft:diamond_chestplate":2},"minecraft:broken":{"minecraft:stone_pickaxe":2,"minecraft:diamond_pickaxe":1,"minecraft:stone_axe":1,"minecraft:wooden_axe":1,"minecraft:iron_axe":1,"minecraft:iron_pickaxe":2}},"DataVersion":3953}