{"stats":{"minecraft:killed_by":{"minecraft:spider":1},"minecraft:picked_up":{"minecraft:pointed_dripstone":1,"minecraft:dirt":7},"minecraft:mined":{"minecraft:short_grass":1,"minecraft:pointed_dripstone":1},"minecraft:custom":{"minecraft:jump":191,"minecraft:time_since_rest":365,"minecraft:leave_game":1,"minecraft:damage_dealt":62,"minecraft:deaths":2,"minecraft:crouch_one_cm":12,"minecraft:sprint_one_cm":20786,"minecraft:play_time":5547,"minecraft:damage_taken":450,"minecraft:time_since_death":246,"minecraft:walk_one_cm":8380,"minecraft:sneak_time":16,"minecraft:total_world_time":5547,"minecraft:fall_one_cm":15103,"minecraft:fly_one_cm":48502},"minecraft:used":{"minecraft:pointed_dripstone":1}},"DataVersion":3953}