{
  "minecraft:recipes/decorations/crafting_table": {
    "criteria": {
      "unlock_right_away": "2024-07-04 19:54:07 +0000"
    },
    "done": true
  },
  "minecraft:recipes/building_blocks/dripstone_block": {
    "criteria": {
      "has_pointed_dripstone": "2024-07-04 19:57:03 +0000"
    },
    "done": true
  },
  "minecraft:adventure/root": {
    "criteria": {
      "killed_by_something": "2024-07-04 19:58:26 +0000"
    },
    "done": true
  },
  "minecraft:adventure/adventuring_time": {
    "criteria": {
      "minecraft:river": "2024-07-04 19:55:13 +0000",
      "minecraft:dripstone_caves": "2024-07-04 19:56:06 +0000",
      "minecraft:plains": "2024-07-04 19:54:08 +0000"
    },
    "done": false
  },
  "DataVersion": 3953
}